,Id,SalePrice,Guess
0,1461,169277.0524984,405446272.0
1,1462,187758.393988768,553812416.0
2,1463,183583.683569555,449585280.0
3,1464,179317.47751083,392848000.0
4,1465,150730.079976501,340462688.0
5,1466,177150.989247307,398264096.0
6,1467,172070.659229164,374558368.0
7,1468,175110.956519547,372936992.0
8,1469,162011.698831665,408409216.0
9,1470,160726.247831419,367757952.0
10,1471,157933.279456005,357322592.0
11,1472,145291.245020389,264709440.0
12,1473,159672.017631819,269723488.0
13,1474,164167.518301885,287301600.0
14,1475,150891.638244053,285958624.0
15,1476,179460.96518734,475404576.0
16,1477,185034.62891405,468695328.0
17,1478,182352.192644656,468656160.0
18,1479,183053.458213802,488208512.0
19,1480,187823.339254278,529420896.0
20,1481,186544.114327568,471578880.0
21,1482,158230.77520516,381041376.0
22,1483,190552.829321091,486697312.0
23,1484,147183.67487199,313257024.0
24,1485,185855.300905493,436232576.0
25,1486,174350.470676986,379322304.0
26,1487,201740.620690863,524772416.0
27,1488,162986.378895754,418022144.0
28,1489,162330.199085679,404732608.0
29,1490,165845.938616539,408936320.0
30,1491,180929.622876974,439034208.0
31,1492,163481.501519718,396631040.0
32,1493,187798.076714233,457468576.0
33,1494,198822.198942566,478259392.0
34,1495,194868.409899858,428392736.0
35,1496,152605.298564403,350162144.0
36,1497,147797.702836811,307125376.0
37,1498,150521.96899297,294869440.0
38,1499,146991.630153739,285268704.0
39,1500,150306.307814534,284660224.0
40,1501,151164.372534604,300125280.0
41,1502,151133.706960953,277657120.0
42,1503,156214.042540726,441025856.0
43,1504,171992.760735142,368363456.0
44,1505,173214.912549738,383726816.0
45,1506,192429.187345783,434675328.0
46,1507,190878.69508543,429705408.0
47,1508,194542.544135519,502819776.0
48,1509,191849.439072822,385269152.0
49,1510,176363.773907793,401558464.0
50,1511,176954.185412429,400076704.0
51,1512,176521.216975696,402970784.0
52,1513,179436.704810176,402200064.0
53,1514,220079.756777048,391813984.0
54,1515,175502.918109444,408355488.0
55,1516,188321.073833569,481537344.0
56,1517,163276.324450004,409113376.0
57,1518,185911.366293097,397332352.0
58,1519,171392.830997252,396756800.0
59,1520,174418.207020775,374649792.0
60,1521,179682.709603774,407182400.0
61,1522,179423.751581665,409247840.0
62,1523,171756.918091777,368396864.0
63,1524,166849.638174419,405839968.0
64,1525,181122.168676666,410640928.0
65,1526,170934.462746566,432386816.0
66,1527,159738.292580329,358882560.0
67,1528,174445.759557658,360677408.0
68,1529,174706.363659627,371288320.0
69,1530,164507.672539365,403332352.0
70,1531,163602.512172832,329785504.0
71,1532,154126.270249525,267772768.0
72,1533,171104.853481351,381298528.0
73,1534,167735.39270528,349288480.0
74,1535,183003.613338104,424930304.0
75,1536,172580.381161499,384325312.0
76,1537,165407.889104689,386536544.0
77,1538,176363.773907793,399571040.0
78,1539,175182.950898522,383932768.0
79,1540,190757.177789246,353877824.0
80,1541,167186.995771991,398412320.0
81,1542,167839.376779276,345510016.0
82,1543,173912.421165137,371222816.0
83,1544,154034.917445551,323911648.0
84,1545,156002.955794336,337540352.0
85,1546,168173.94329857,333022176.0
86,1547,168882.437104132,349495072.0
87,1548,168173.94329857,338546400.0
88,1549,157580.177551642,333445344.0
89,1550,181922.15256011,344286656.0
90,1551,155134.227842592,345850816.0
91,1552,188885.573319552,383485344.0
92,1553,183963.193012381,392178656.0
93,1554,161298.762306335,291905920.0
94,1555,188613.66763056,463804032.0
95,1556,175080.111822945,409528192.0
96,1557,174744.400305232,350806464.0
97,1558,168175.911336919,329769568.0
98,1559,182333.472575006,308034080.0
99,1560,158307.206742274,343961472.0
100,1561,193053.055502348,377973600.0
101,1562,175031.089987177,369654624.0
102,1563,160713.294602908,356948352.0
103,1564,173186.215014436,375929600.0
104,1565,191736.7598055,416125664.0
105,1566,170401.630997116,475633376.0
106,1567,164626.577880222,378491840.0
107,1568,205469.409444832,491816960.0
108,1569,209561.784211885,474756128.0
109,1570,182271.503072356,412343264.0
110,1571,178081.549427793,402100224.0
111,1572,178425.956138831,387421792.0
112,1573,162015.318511503,477103168.0
113,1574,181722.420373045,433815968.0
114,1575,156705.730169433,426780896.0
115,1576,182902.420342386,441411488.0
116,1577,157574.595395085,376646464.0
117,1578,184380.739100813,452743904.0
118,1579,169364.469225677,406312480.0
119,1580,175846.179822063,388112288.0
120,1581,189673.295302136,434928512.0
121,1582,174401.317715566,355094752.0
122,1583,179021.448718583,439449376.0
123,1584,189196.845337149,398008224.0
124,1585,139647.095720655,322399456.0
125,1586,161468.198288911,358749728.0
126,1587,171557.32317862,370752192.0
127,1588,179447.36804185,401102560.0
128,1589,169611.619017694,415237056.0
129,1590,172088.872655744,346045856.0
130,1591,171190.624128768,302950912.0
131,1592,154850.508361878,338633792.0
132,1593,158617.655719941,356344544.0
133,1594,209258.33693701,333120992.0
134,1595,177939.027626751,364173120.0
135,1596,194631.100299584,423888192.0
136,1597,213618.871562568,491812320.0
137,1598,198342.504228533,509610592.0
138,1599,138607.971472497,316117760.0
139,1600,150778.958976731,322592704.0
140,1601,146966.230339786,348975136.0
141,1602,162182.59620952,364188704.0
142,1603,176825.940961269,381052032.0
143,1604,152799.812402444,341301632.0
144,1605,180322.322067129,420252768.0
145,1606,177508.027228367,396017856.0
146,1607,208029.642652019,482315744.0
147,1608,181987.282510201,445671136.0
148,1609,160172.72797397,414809152.0
149,1610,176761.317654248,385037280.0
150,1611,176515.497545231,458304288.0
151,1612,176270.453065471,426570368.0
152,1613,183050.846258475,440920416.0
153,1614,150011.102062216,294366720.0
154,1615,159270.537808667,227373904.0
155,1616,163419.663729346,228901360.0
156,1617,163399.983345859,269490240.0
157,1618,173364.161505756,348734688.0
158,1619,169556.835902417,418875584.0
159,1620,183690.595995738,383132832.0
160,1621,176980.914909382,397746944.0
161,1622,204773.36222471,405762880.0
162,1623,174728.655998442,428669728.0
163,1624,181873.458244461,443734880.0
164,1625,177322.000823979,422617344.0
165,1626,193927.939041863,419559136.0
166,1627,181715.622732304,397570528.0
167,1628,199270.841200324,445389888.0
168,1629,177109.589956218,372255584.0
169,1630,153909.578271486,412234848.0
170,1631,162931.203336223,377912512.0
171,1632,166386.7567182,390941472.0
172,1633,173719.30379824,370236064.0
173,1634,179757.925656704,368139264.0
174,1635,179007.601964376,378267520.0
175,1636,180370.808623106,371135968.0
176,1637,185102.616730563,432511904.0
177,1638,198825.563452058,457162048.0
178,1639,184294.576009142,431883264.0
179,1640,200443.7920562,451922272.0
180,1641,181294.784484153,420971392.0
181,1642,174354.336267919,369548672.0
182,1643,172023.677781517,371800256.0
183,1644,181666.922855025,383735200.0
184,1645,179024.491269586,394256224.0
185,1646,178324.191575907,401979200.0
186,1647,184534.676687694,414791072.0
187,1648,159397.250378784,376623136.0
188,1649,178430.966728182,380631712.0
189,1650,177743.799385967,350167424.0
190,1651,179395.305519087,379669024.0
191,1652,151713.38474815,266170912.0
192,1653,151713.38474815,274827584.0
193,1654,168434.977996215,286624128.0
194,1655,153999.100311019,311725440.0
195,1656,164096.097354123,286084032.0
196,1657,166335.403036551,287976448.0
197,1658,163020.725375757,284709760.0
198,1659,155862.510668829,284523264.0
199,1660,182760.651095509,406779904.0
200,1661,201912.270622883,498448704.0
201,1662,185988.233987516,460689664.0
202,1663,183778.44888032,469509184.0
203,1664,170935.85921771,506205664.0
204,1665,184468.908382254,467439424.0
205,1666,191569.089663229,488551648.0
206,1667,232991.025583822,566920192.0
207,1668,180980.721388278,431490752.0
208,1669,164279.13048219,425379328.0
209,1670,183859.460411109,461794944.0
210,1671,185922.465682076,456559328.0
211,1672,191742.778119363,510890784.0
212,1673,199954.072465842,475469824.0
213,1674,180690.274752587,433534720.0
214,1675,163099.3096358,369533408.0
215,1676,140791.922472443,344340576.0
216,1677,166481.86647592,414090848.0
217,1678,172080.434496773,509070752.0
218,1679,191719.161659178,489367808.0
219,1680,160741.098612515,399019136.0
220,1681,157829.546854733,382776128.0
221,1682,196896.748596341,479519840.0
222,1683,159675.423990355,325775200.0
223,1684,182084.790901946,412924480.0
224,1685,179233.926374487,378923520.0
225,1686,155774.270901623,314732832.0
226,1687,181354.326716058,378795168.0
227,1688,179605.563663918,374817504.0
228,1689,181609.34866147,401923520.0
229,1690,178221.531623281,381682848.0
230,1691,175559.920735795,367551072.0
231,1692,200328.822792041,454378048.0
232,1693,178630.060559899,386590528.0
233,1694,177174.535221728,375742208.0
234,1695,172515.687368714,358058528.0
235,1696,204032.992922943,497531104.0
236,1697,176023.232787689,359239616.0
237,1698,202202.073341595,465200352.0
238,1699,181734.480075862,473859840.0
239,1700,183982.158993126,404713152.0
240,1701,188007.94241481,442401568.0
241,1702,185922.966763517,459010016.0
242,1703,183978.544874918,441637920.0
243,1704,177199.618638821,427814432.0
244,1705,181878.647956764,408972160.0
245,1706,173622.088728263,463623712.0
246,1707,180728.168562655,393246208.0
247,1708,176477.026606328,400694240.0
248,1709,184282.266697609,462733824.0
249,1710,162062.47538448,389608192.0
250,1711,182550.070992189,413221856.0
251,1712,180987.949624695,416297696.0
252,1713,178173.79762147,424890528.0
253,1714,179980.635948606,401138016.0
254,1715,173257.637826205,374194464.0
255,1716,177271.291059307,412330688.0
256,1717,175338.355442312,371830272.0
257,1718,177548.140549508,330263200.0
258,1719,175969.91662932,412917184.0
259,1720,175011.481953462,432549856.0
260,1721,185199.372568143,445016512.0
261,1722,188514.050228937,376457600.0
262,1723,185080.145268797,426274720.0
263,1724,157304.402574096,386972032.0
264,1725,194260.859481297,435083776.0
265,1726,181262.329995106,367013216.0
266,1727,157003.292706732,375041568.0
267,1728,182924.499359899,389292096.0
268,1729,181902.586375439,398006560.0
269,1730,188985.371708134,366373760.0
270,1731,185290.904495068,400841856.0
271,1732,177304.425752748,368364480.0
272,1733,166274.900490809,374519392.0
273,1734,177807.420530107,385434976.0
274,1735,180330.624816201,359165440.0
275,1736,179069.112234629,364546208.0
276,1737,175943.371816948,470518784.0
277,1738,185199.050609653,432295712.0
278,1739,167350.910824524,353164512.0
279,1740,149315.311876449,342458944.0
280,1741,139010.847766793,331370656.0
281,1742,155412.151845447,300589952.0
282,1743,171308.313985441,313359072.0
283,1744,176220.543265638,454795680.0
284,1745,177643.434991809,487428384.0
285,1746,187222.653264601,395451648.0
286,1747,185635.132083154,440631552.0
287,1748,206492.534215854,416601888.0
288,1749,181681.021081956,407086464.0
289,1750,180500.198072685,388858976.0
290,1751,206486.17086841,458635808.0
291,1752,161334.301195429,349105696.0
292,1753,176156.558313965,417631392.0
293,1754,191642.223478994,395124416.0
294,1755,191945.808027777,458582112.0
295,1756,164146.306037354,348624416.0
296,1757,179883.057071096,362617376.0
297,1758,178071.137668844,397946304.0
298,1759,188241.637896875,439275840.0
299,1760,174559.656173171,405343424.0
300,1761,182347.363042264,406516704.0
301,1762,191507.251872857,401087648.0
302,1763,199751.865597358,426756000.0
303,1764,162106.416145131,398451168.0
304,1765,164575.982314367,421568352.0
305,1766,179176.352180931,402406368.0
306,1767,177327.403857584,447918496.0
307,1768,177818.083761781,379767168.0
308,1769,186965.204048443,440230368.0
309,1770,178762.742169197,380379904.0
310,1771,183322.866146283,390905664.0
311,1772,178903.295931891,396098144.0
312,1773,186570.129421778,419585536.0
313,1774,199144.242829024,442207808.0
314,1775,172154.713310956,370734528.0
315,1776,177444.019201603,419270336.0
316,1777,166200.938073485,361363808.0
317,1778,158995.770555632,361620544.0
318,1779,168273.282454755,379404096.0
319,1780,189680.453052788,415055008.0
320,1781,181681.021081956,397143936.0
321,1782,160277.142643643,331339680.0
322,1783,197318.54715833,410602048.0
323,1784,162228.935604196,357597600.0
324,1785,187340.455456083,406567520.0
325,1786,181065.347037275,481273664.0
326,1787,190233.609102705,358886528.0
327,1788,157929.594852031,276986784.0
328,1789,168557.001935469,403431232.0
329,1790,160805.584645628,399025888.0
330,1791,221648.391978216,420037920.0
331,1792,180539.88079815,416046720.0
332,1793,182105.616283853,415916864.0
333,1794,166380.852603154,369461312.0
334,1795,178942.155617426,406897600.0
335,1796,162804.747800461,372185248.0
336,1797,183077.684392615,359570048.0
337,1798,171728.4720292,362839456.0
338,1799,164786.741540638,346340864.0
339,1800,177427.267170302,359500736.0
340,1801,197318.54715833,411016960.0
341,1802,178658.114178223,388006656.0
342,1803,185437.320523764,370759744.0
343,1804,169759.652489529,376042176.0
344,1805,173986.635055186,364724928.0
345,1806,168607.664289468,313166432.0
346,1807,194138.519145183,403577536.0
347,1808,192502.440921994,454231168.0
348,1809,176746.969818601,360617376.0
349,1810,177604.891703134,340455968.0
350,1811,193283.746584832,325613024.0
351,1812,181627.061006609,366473504.0
352,1813,169071.62025834,337730304.0
353,1814,167398.006470987,359006944.0
354,1815,150106.505141704,319183424.0
355,1816,159650.304285848,368733760.0
356,1817,179471.23597476,386904704.0
357,1818,177109.589956218,372971488.0
358,1819,166558.113328453,296543776.0
359,1820,153796.714319583,242815568.0
360,1821,174520.152570658,362744800.0
361,1822,196297.95829524,394057664.0
362,1823,169100.681601175,333037664.0
363,1824,176911.319164431,353883456.0
364,1825,169234.6454828,320133600.0
365,1826,172386.297919134,340681216.0
366,1827,156031.904802362,343268544.0
367,1828,168202.892306596,341789440.0
368,1829,166505.984017547,384310336.0
369,1830,176507.37022149,375506752.0
370,1831,180116.752553161,391716864.0
371,1832,183072.740591406,265794512.0
372,1833,189595.964677698,362980800.0
373,1834,167523.919076265,334405984.0
374,1835,210817.775863413,301745280.0
375,1836,172942.930813351,341175840.0
376,1837,145286.278144089,275491104.0
377,1838,176468.653371492,402188288.0
378,1839,159040.069562187,313551904.0
379,1840,178518.204332507,352953120.0
380,1841,169163.980786825,402426240.0
381,1842,189786.685274579,383878752.0
382,1843,181246.728523853,421273024.0
383,1844,176349.927153587,359314624.0
384,1845,205266.631009142,474133632.0
385,1846,187397.993362224,445903424.0
386,1847,208943.427726113,465833824.0
387,1848,165014.532907657,325320608.0
388,1849,182492.037566236,442043776.0
389,1850,161718.71259042,395939488.0
390,1851,180084.118941162,378734208.0
391,1852,178534.950802179,361372672.0
392,1853,151217.259961305,334327584.0
393,1854,156342.717587562,408934304.0
394,1855,188511.443835239,457953024.0
395,1856,183570.337896789,410924960.0
396,1857,225810.160292177,574601280.0
397,1858,214217.401131694,358546240.0
398,1859,187665.64101603,348673504.0
399,1860,161157.177744039,366490176.0
400,1861,187643.992594193,348009824.0
401,1862,228156.372839158,457064384.0
402,1863,220449.534665317,406739968.0
403,1864,220522.352084222,407165024.0
404,1865,156647.763531624,434510208.0
405,1866,187388.833374873,438074752.0
406,1867,178640.723791573,411301344.0
407,1868,180847.216739049,447860320.0
408,1869,159505.170529478,363442464.0
409,1870,164305.538020654,412561216.0
410,1871,180181.19673723,454191904.0
411,1872,184602.734989972,426943104.0
412,1873,193440.372174434,493203360.0
413,1874,184199.788209911,388144608.0
414,1875,196241.892907637,456787776.0
415,1876,175588.618271096,384353920.0
416,1877,179503.046546829,418871776.0
417,1878,183658.076582555,445863680.0
418,1879,193700.976276404,441792320.0
419,1880,165399.62450704,353333312.0
420,1881,186847.944787446,437887680.0
421,1882,198127.73287817,456318080.0
422,1883,183320.898107934,382108832.0
423,1884,181613.606696657,427039456.0
424,1885,178298.791761954,465838624.0
425,1886,185733.534000593,455355168.0
426,1887,180008.188485489,391796928.0
427,1888,175127.59621604,416169952.0
428,1889,183467.176862723,414470816.0
429,1890,182705.546021743,411265120.0
430,1891,152324.943593181,310231200.0
431,1892,169878.515981342,345393120.0
432,1893,183735.975076576,418892064.0
433,1894,224118.280105941,383424544.0
434,1895,169355.202465146,429457472.0
435,1896,180054.276407441,361126720.0
436,1897,174081.601977368,347448320.0
437,1898,168494.985022146,327770688.0
438,1899,181871.598843299,383827456.0
439,1900,173554.489658383,341175296.0
440,1901,169805.382165577,447394336.0
441,1902,176192.990728755,432781920.0
442,1903,204264.39284654,382762944.0
443,1904,169630.906956928,393928064.0
444,1905,185724.838807268,450747840.0
445,1906,195699.036281861,465464096.0
446,1907,189494.276162169,478794080.0
447,1908,149607.905673439,264103232.0
448,1909,154650.199045978,279049888.0
449,1910,151579.558140433,267557248.0
450,1911,185147.380531144,432200576.0
451,1912,196314.53120359,489332768.0
452,1913,210802.395364155,393401696.0
453,1914,166271.2863726,391473152.0
454,1915,154865.359142973,342760896.0
455,1916,173575.5052865,485619904.0
456,1917,179399.563554274,412873952.0
457,1918,164280.776562049,384754656.0
458,1919,171247.48948121,383071968.0
459,1920,166878.587182445,443999072.0
460,1921,188129.459710994,479111296.0
461,1922,183517.34369691,468602528.0
462,1923,175522.026925727,406022944.0
463,1924,190060.105331152,459166752.0
464,1925,174179.824771856,390923072.0
465,1926,171059.523675194,465654688.0
466,1927,183004.186769318,423508288.0
467,1928,183601.647387418,441527200.0
468,1929,163539.327185998,357188960.0
469,1930,164677.676391525,365500416.0
470,1931,162395.073865424,362691264.0
471,1932,182207.6323195,395735456.0
472,1933,192223.939790304,421238816.0
473,1934,176391.829390125,381623936.0
474,1935,181913.179121348,368332448.0
475,1936,179136.097888261,391628192.0
476,1937,196595.568243212,471156224.0
477,1938,194822.365690957,453934848.0
478,1939,148356.669440918,370900768.0
479,1940,160387.604263899,344486080.0
480,1941,181276.500571809,422002656.0
481,1942,192474.817899346,459233056.0
482,1943,157699.907796437,362023488.0
483,1944,215785.540813051,481387936.0
484,1945,181824.300998793,476999168.0
485,1946,221813.00948166,596414400.0
486,1947,165281.292597397,396245760.0
487,1948,255629.49047034,846801536.0
488,1949,173154.590990955,445731008.0
489,1950,183884.65246539,417636512.0
490,1951,200210.353608489,492397728.0
491,1952,186599.221265342,457445216.0
492,1953,192718.532696106,436396480.0
493,1954,178628.665952764,409275936.0
494,1955,180650.342418406,384072576.0
495,1956,206003.107947263,464116064.0
496,1957,166457.67844853,432148160.0
497,1958,202916.221653487,488941952.0
498,1959,192463.969983091,384557856.0
499,1960,171775.497189898,404149344.0
500,1961,175249.222149411,369323744.0
501,1962,147086.59893993,270158976.0
502,1963,149709.672100371,272795488.0
503,1964,171411.404533743,274701984.0
504,1965,178188.964799425,296124192.0
505,1966,156491.711373235,293663008.0
506,1967,180953.241201168,448401056.0
507,1968,203909.759061135,495658464.0
508,1969,175470.149087545,476654656.0
509,1970,205578.333622415,481069376.0
510,1971,199428.857699441,468205152.0
511,1972,187599.163869476,453641408.0
512,1973,192265.198109864,395544448.0
513,1974,196666.554897677,424709536.0
514,1975,155537.862252682,469243296.0
515,1976,169543.240620935,435165504.0
516,1977,202487.010170501,529057024.0
517,1978,208232.716273485,524260416.0
518,1979,173621.195202569,447939104.0
519,1980,172414.608571812,452689984.0
520,1981,164400.75641556,411107680.0
521,1982,160480.424024781,362137056.0
522,1983,156060.853810389,370332000.0
523,1984,157437.192820581,288590496.0
524,1985,158163.720929772,332549568.0
525,1986,154849.043268978,334935840.0
526,1987,152186.609341561,323601536.0
527,1988,180340.215399228,381797952.0
528,1989,178344.62451356,371986048.0
529,1990,190170.382266827,385833600.0
530,1991,168092.975480832,373277312.0
531,1992,178757.912566805,388898176.0
532,1993,174518.256882082,362925440.0
533,1994,198168.490116289,451481952.0
534,1995,176882.693978902,375212768.0
535,1996,183801.672896251,433546112.0
536,1997,196400.046680661,443769632.0
537,1998,172281.605004025,458763680.0
538,1999,196380.366297173,422483072.0
539,2000,198228.354306682,459630432.0
540,2001,195556.581268962,428004032.0
541,2002,186453.264469043,449899904.0
542,2003,181869.381196234,415593440.0
543,2004,175610.840124147,402624512.0
544,2005,183438.730800145,414010496.0
545,2006,179584.488673295,399021664.0
546,2007,182386.152242034,450390912.0
547,2008,160750.367237054,372137056.0
548,2009,182477.505046008,408504416.0
549,2010,187720.359207171,449095552.0
550,2011,187201.942081511,378562272.0
551,2012,176385.102235149,403295328.0
552,2013,175901.787841278,374648320.0
553,2014,182584.280198283,379016352.0
554,2015,195664.686104237,431438752.0
555,2016,181420.346494222,378248288.0
556,2017,176676.04995228,374241408.0
557,2018,181594.678867334,396784416.0
558,2019,178521.747964951,361003904.0
559,2020,175895.883726231,367428672.0
560,2021,168468.005916477,349536256.0
561,2022,200973.129447888,487164384.0
562,2023,197030.641992202,422582848.0
563,2024,192867.417844592,403190016.0
564,2025,196449.247639381,447586944.0
565,2026,141684.196398607,318550016.0
566,2027,153353.334123901,295345888.0
567,2028,151143.549016705,296608192.0
568,2029,163753.087114229,294394592.0
569,2030,158682.460013921,350562912.0
570,2031,144959.835250915,338286304.0
571,2032,160144.390548579,336651648.0
572,2033,156286.534303521,340134464.0
573,2034,165726.707619571,291710848.0
574,2035,182427.481047359,418196992.0
575,2036,173310.56154032,300819584.0
576,2037,173310.56154032,306381280.0
577,2038,151556.01403002,365467488.0
578,2039,158908.146068683,418279616.0
579,2040,209834.383092536,594784960.0
580,2041,192410.516550815,463894464.0
581,2042,174026.247294886,368728768.0
582,2043,195499.830115336,415001792.0
583,2044,200918.018812493,435949376.0
584,2045,207243.616023976,461523872.0
585,2046,196149.783851876,422582848.0
586,2047,192097.914850217,375692480.0
587,2048,178570.948923671,372955680.0
588,2049,228617.968325428,447908896.0
589,2050,199929.884438451,445297088.0
590,2051,160206.365612859,343388832.0
591,2052,179854.431885567,404080256.0
592,2053,185987.340461822,411023840.0
593,2054,161122.505607926,309578880.0
594,2055,175949.342720138,404343520.0
595,2056,183683.590595324,390626432.0
596,2057,176401.34762338,360550304.0
597,2058,205832.532527897,473819360.0
598,2059,177799.799849436,385087520.0
599,2060,167565.362080406,389442784.0
600,2061,186348.958436557,433525088.0
601,2062,179782.759465081,399034688.0
602,2063,169837.623333323,409650528.0
603,2064,178817.275675758,393692448.0
604,2065,174444.479149339,419081664.0
605,2066,192834.968917174,440658784.0
606,2067,196564.717984981,370738944.0
607,2068,206977.567039357,469379008.0
608,2069,157054.253944128,383203168.0
609,2070,175142.948078577,355416544.0
610,2071,159932.1643654,328153696.0
611,2072,182801.408333628,419391936.0
612,2073,181510.375176825,395498560.0
613,2074,181613.035129451,481485792.0
614,2075,186920.512597635,429672416.0
615,2076,157950.170625222,349993280.0
616,2077,176115.159022876,382076000.0
617,2078,182744.514344465,369452768.0
618,2079,180660.683691591,362892736.0
619,2080,160775.629777099,345239296.0
620,2081,186711.715848082,355117984.0
621,2082,223581.758190888,356879808.0
622,2083,172330.943236652,357525504.0
623,2084,163474.633393212,352302880.0
624,2085,175308.263299874,369739136.0
625,2086,187462.725306432,386069824.0
626,2087,180655.101535034,382080128.0
627,2088,152121.98603454,317660256.0
628,2089,159856.233909727,319508032.0
629,2090,186559.854936737,346913920.0
630,2091,183962.550959411,389682656.0
631,2092,162107.168699296,361355776.0
632,2093,162582.288981283,364524480.0
633,2094,154407.701597409,284830464.0
634,2095,181625.666399474,407992832.0
635,2096,164810.609473548,340667264.0
636,2097,176429.401241704,288393920.0
637,2098,179188.089925259,378878432.0
638,2099,145997.635377703,343317664.0
639,2100,218676.768270367,373613536.0
640,2101,188323.861214226,380650400.0
641,2102,168690.0722914,326107968.0
642,2103,165088.746797705,373597600.0
643,2104,191435.007885166,398145952.0
644,2105,168864.404664512,289216160.0
645,2106,176041.882371574,415761184.0
646,2107,215911.674390325,426110144.0
647,2108,167388.238629016,400417728.0
648,2109,163854.786753017,378704736.0
649,2110,163299.477980171,357649888.0
650,2111,178298.214633119,355618816.0
651,2112,176376.586164775,357229952.0
652,2113,170211.043976522,321373888.0
653,2114,170818.344786366,332352320.0
654,2115,174388.867432503,345936448.0
655,2116,161112.987374671,340698720.0
656,2117,172179.082325307,345599136.0
657,2118,157798.309713876,335488384.0
658,2119,169106.151422924,333847680.0
659,2120,170129.531364292,331901120.0
660,2121,157680.227412949,322026880.0
661,2122,162690.209131977,339103488.0
662,2123,146968.379365095,324040992.0
663,2124,181507.721372455,357292160.0
664,2125,191215.589752983,351389984.0
665,2126,189432.689844522,384365408.0
666,2127,207271.484957719,343815456.0
667,2128,170030.807488363,313044128.0
668,2129,148409.806476335,338933376.0
669,2130,193850.613979055,395416992.0
670,2131,193808.319298263,392194016.0
671,2132,166300.235380627,405259328.0
672,2133,163474.633393212,361423360.0
673,2134,177473.606564978,347886336.0
674,2135,157443.925537187,392125408.0
675,2136,180681.007992057,361616512.0
676,2137,183463.17030026,403495712.0
677,2138,182481.763081195,405162208.0
678,2139,193717.15117887,428704896.0
679,2140,182782.55099007,397598464.0
680,2141,175530.651633287,353508960.0
681,2142,177804.057884623,413226048.0
682,2143,159448.670848577,382059776.0
683,2144,181338.976717529,427635392.0
684,2145,178553.558537021,380724448.0
685,2146,162820.928264556,446592416.0
686,2147,188832.479997186,414028000.0
687,2148,164682.185899437,365068416.0
688,2149,181549.735943801,396062080.0
689,2150,199158.097008868,489140896.0
690,2151,152889.520990566,321695360.0
691,2152,181150.551679116,425997184.0
692,2153,181416.732376013,384324064.0
693,2154,164391.238182305,334154240.0
694,2155,185421.046498812,381267584.0
695,2156,193981.327550004,424079904.0
696,2157,178824.324789223,415589376.0
697,2158,209270.051606246,470102240.0
698,2159,177801.266806344,404462624.0
699,2160,179053.762236101,405250336.0
700,2161,178762.170601992,422543872.0
701,2162,184655.300458183,470883200.0
702,2163,191284.655779772,451555008.0
703,2164,179598.085818785,434664672.0
704,2165,167517.628078595,422533344.0
705,2166,182873.903794044,391065024.0
706,2167,177484.91371363,394818560.0
707,2168,188444.597319524,450604928.0
708,2169,179184.153848562,385218784.0
709,2170,184365.175780982,432101088.0
710,2171,184479.322005212,425965184.0
711,2172,182927.863869391,396392608.0
712,2173,178611.639373646,452352448.0
713,2174,181943.343613558,424697664.0
714,2175,175080.614768394,409453600.0
715,2176,190720.794649138,467390464.0
716,2177,198422.868144723,428120800.0
717,2178,184482.11308349,435751616.0
718,2179,139214.952187861,322465280.0
719,2180,169233.113601757,427163488.0
720,2181,180664.118686848,422172928.0
721,2182,178818.742632666,451097856.0
722,2183,180422.049969947,415794112.0
723,2184,178601.93645581,389243648.0
724,2185,183083.159775993,410316448.0
725,2186,173163.101499699,360519168.0
726,2187,185968.161159774,395264832.0
727,2188,171226.050683054,355086080.0
728,2189,281643.976116786,833781184.0
729,2190,160031.711281258,287144224.0
730,2191,162775.979779394,303873184.0
731,2192,160735.445970193,305739520.0
732,2193,166646.109048572,372794304.0
733,2194,188384.548444549,320587552.0
734,2195,165830.697255197,398589632.0
735,2196,182138.358533039,355198688.0
736,2197,171595.397975647,333828192.0
737,2198,160337.079183809,376343232.0
738,2199,191215.088671543,381789536.0
739,2200,166956.093232213,365013728.0
740,2201,186581.830878692,447580576.0
741,2202,176450.548582099,356366784.0
742,2203,193743.194909801,389008832.0
743,2204,198882.566078408,418702464.0
744,2205,176385.102235149,380386208.0
745,2206,162447.639333636,362075232.0
746,2207,193782.555676777,393842528.0
747,2208,183653.890897141,438495520.0
748,2209,210578.623546866,544996864.0
749,2210,158527.164107319,271708032.0
750,2211,163081.025723456,352614464.0
751,2212,174388.867432503,335797504.0
752,2213,191905.870131966,336037568.0
753,2214,174388.867432503,339411584.0
754,2215,161642.711648983,348906976.0
755,2216,186939.507215101,385971488.0
756,2217,172482.165792649,425440352.0
757,2218,159695.999763546,316164480.0
758,2219,157230.369671007,316404864.0
759,2220,179188.089925259,375207296.0
760,2221,157972.82120994,342606048.0
761,2222,156804.951429181,343414592.0
762,2223,211491.972463654,542697856.0
763,2224,186537.246201062,422793312.0
764,2225,200468.161070551,392241792.0
765,2226,182241.340444154,413234496.0
766,2227,157342.225898399,333520480.0
767,2228,182022.387105998,439391136.0
768,2229,181244.510876788,447611136.0
769,2230,178556.671573788,384852032.0
770,2231,189547.199876284,439258784.0
771,2232,187948.65165563,464454272.0
772,2233,194107.287565956,464607616.0
773,2234,183521.710369283,427671360.0
774,2235,183682.123638416,388292160.0
775,2236,178483.353073443,443715136.0
776,2237,184003.879764736,462840128.0
777,2238,171318.59033449,398189024.0
778,2239,162039.754313997,352633184.0
779,2240,154846.252190699,331630944.0
780,2241,194822.365690957,442334336.0
781,2242,169788.738771463,319109504.0
782,2243,178891.554489941,291699808.0
783,2244,152084.772428865,274126272.0
784,2245,139169.86642879,267790928.0
785,2246,192439.536044606,442099296.0
786,2247,161067.859766557,232712256.0
787,2248,158762.648504781,340616608.0
788,2249,175569.690441774,344772864.0
789,2250,183659.795012187,417441920.0
790,2251,280618.132617258,997299712.0
791,2252,180051.809151659,428046688.0
792,2253,176519.18031559,370966816.0
793,2254,179028.429210291,391256384.0
794,2255,177161.583857224,382280576.0
795,2256,180081.508849842,366332992.0
796,2257,205895.254584712,379426176.0
797,2258,183389.78131415,409581600.0
798,2259,178543.647859512,365590304.0
799,2260,194798.320499104,481295424.0
800,2261,162845.613675766,332991392.0
801,2262,148103.867006579,345666688.0
802,2263,201016.171121215,458895296.0
803,2264,277936.12694354,896413184.0
804,2265,249768.279823405,739285312.0
805,2266,161596.052159825,396778016.0
806,2267,158011.114889899,488488608.0
807,2268,194089.683858004,462155008.0
808,2269,181733.336941451,434235680.0
809,2270,182852.32772198,429955648.0
810,2271,189893.003058465,442171456.0
811,2272,194650.210979875,425691072.0
812,2273,187904.461286262,419193600.0
813,2274,171774.925622692,412318688.0
814,2275,177998.685921479,459865408.0
815,2276,175648.484325498,397715104.0
816,2277,196918.071362067,382731232.0
817,2278,184299.838071218,388250112.0
818,2279,182379.855682734,375914368.0
819,2280,184050.725802482,448098816.0
820,2281,158296.975970284,331837568.0
821,2282,175053.355553278,419967584.0
822,2283,162293.376090644,273598592.0
823,2284,186328.880047186,272975616.0
824,2285,151422.116936538,293977408.0
825,2286,181969.358707768,354336480.0
826,2287,189122.67702416,457531104.0
827,2288,185645.475220346,470922944.0
828,2289,182829.898109257,480335904.0
829,2290,195848.788183328,487670592.0
830,2291,198785.059550672,480999424.0
831,2292,181676.126555428,480632000.0
832,2293,194131.012663328,506569632.0
833,2294,201416.004864508,497874048.0
834,2295,185096.577205616,515784736.0
835,2296,195158.972598372,513223200.0
836,2297,184795.783735112,409082912.0
837,2298,189168.263864671,487707648.0
838,2299,216855.260149095,492189120.0
839,2300,184946.642483576,487056960.0
840,2301,189317.51282069,448086528.0
841,2302,180803.277842406,420262336.0
842,2303,175061.18585763,424636896.0
843,2304,179074.839090732,425259040.0
844,2305,145708.764336107,326859680.0
845,2306,142398.022752011,328749792.0
846,2307,161474.534863641,364210080.0
847,2308,157025.945155458,346964960.0
848,2309,163424.037827357,394295456.0
849,2310,164692.778645345,368919904.0
850,2311,152163.2443541,320726528.0
851,2312,192383.215486656,480146112.0
852,2313,182520.230322476,402009920.0
853,2314,187254.507549722,449281440.0
854,2315,176489.659740359,378066720.0
855,2316,181520.466841293,396846656.0
856,2317,186414.978214721,427831520.0
857,2318,185197.764639705,370558976.0
858,2319,178657.794083741,363878624.0
859,2320,179731.198023759,380919328.0
860,2321,161748.271317074,331984800.0
861,2322,158608.749069322,325551904.0
862,2323,178807.370559878,450012576.0
863,2324,184187.158803897,406753440.0
864,2325,181686.10402108,441864320.0
865,2326,190311.050228337,420177376.0
866,2327,192252.496354076,376223488.0
867,2328,193954.849525775,389135456.0
868,2329,181044.201560887,390410624.0
869,2330,180258.131219792,394855072.0
870,2331,199641.657313834,462397440.0
871,2332,197530.775205517,442892992.0
872,2333,191777.196949138,434559360.0
873,2334,195779.543033588,430166144.0
874,2335,202112.046522999,437852352.0
875,2336,192343.34807661,420613344.0
876,2337,185191.359443218,423060128.0
877,2338,186760.207965688,440700608.0
878,2339,177733.78193528,443071808.0
879,2340,164430.391189608,473731296.0
880,2341,185299.601552401,429233760.0
881,2342,186414.012339254,401171392.0
882,2343,176401.921054593,391670912.0
883,2344,182381.322639642,399732736.0
884,2345,176334.184710805,395707744.0
885,2346,184901.735847457,399101536.0
886,2347,180085.766885029,405649952.0
887,2348,184901.735847457,382159296.0
888,2349,183967.561548763,405354816.0
889,2350,193046.301574659,440729824.0
890,2351,168538.969495849,439442144.0
891,2352,170157.842016969,468889952.0
892,2353,196559.709259637,432504032.0
893,2354,177133.709361852,330271104.0
894,2355,181553.279576244,330180128.0
895,2356,185770.606634739,427519712.0
896,2357,177017.595099274,389153088.0
897,2358,184123.358536806,426156576.0
898,2359,165970.357492196,358967296.0
899,2360,158151.985049452,348539424.0
900,2361,177086.476441481,360519328.0
901,2362,196373.896176551,540348736.0
902,2363,172465.707083115,403558752.0
903,2364,168590.782409896,417413184.0
904,2365,158820.474171061,334353696.0
905,2366,151611.37057651,317476992.0
906,2367,152125.028585543,332806208.0
907,2368,158404.073081048,322104992.0
908,2369,160692.078640755,359707392.0
909,2370,170175.22684199,293628416.0
910,2371,169854.436591138,290990144.0
911,2372,183410.785819008,377838592.0
912,2373,180347.194026928,380902176.0
913,2374,178930.528374292,399214304.0
914,2375,153346.220086301,415783328.0
915,2376,182675.204270589,466669280.0
916,2377,180770.649792036,509304800.0
917,2378,188714.148087543,425887584.0
918,2379,191393.608594076,392864960.0
919,2380,174016.157494425,375367808.0
920,2381,183189.685319552,421220512.0
921,2382,183621.508757866,419744960.0
922,2383,168991.29635758,423480032.0
923,2384,185306.650665866,415505696.0
924,2385,189030.680303208,403397056.0
925,2386,179208.665698449,408328032.0
926,2387,174901.452792889,368073920.0
927,2388,168337.406544343,393935840.0
928,2389,158234.96461859,358867040.0
929,2390,179562.453368834,435593088.0
930,2391,174176.391640607,368344544.0
931,2392,173931.531845427,378761952.0
932,2393,184111.729429665,387673728.0
933,2394,179374.482001188,387175872.0
934,2395,207348.811884535,391081408.0
935,2396,186983.419339031,429899744.0
936,2397,206779.094049527,494777248.0
937,2398,177472.074683935,413261216.0
938,2399,156727.948324862,269104608.0
939,2400,157090.568462479,255887536.0
940,2401,160387.032696693,336984448.0
941,2402,172410.28005086,394490944.0
942,2403,191603.365657467,403337792.0
943,2404,182152.207151253,393255872.0
944,2405,180161.697340702,399253536.0
945,2406,169652.235284283,366420928.0
946,2407,182503.520140218,353037248.0
947,2408,179714.630677039,370672768.0
948,2409,180282.570719908,397544480.0
949,2410,192600.338060371,410838784.0
950,2411,166115.491248565,388145696.0
951,2412,186379.553524443,420945056.0
952,2413,184361.992258449,407231456.0
953,2414,186220.965458121,412265152.0
954,2415,198176.47090687,400284544.0
955,2416,168437.776500131,404877600.0
956,2417,178003.582312015,382998912.0
957,2418,179180.469244588,381640480.0
958,2419,191930.561104806,362170528.0
959,2420,175590.266214964,365723264.0
960,2421,176713.19307219,352056288.0
961,2422,180159.090947005,436014624.0
962,2423,188090.100808026,397069536.0
963,2424,186184.717727913,456011200.0
964,2425,223055.588672278,608508096.0
965,2426,158270.753116401,398311904.0
966,2427,184733.12846644,373934592.0
967,2428,199926.378957429,396896416.0
968,2429,175075.785166001,378083264.0
969,2430,180917.925148076,369886016.0
970,2431,182067.760625207,353730976.0
971,2432,178238.60191545,359189536.0
972,2433,173454.944606532,355306112.0
973,2434,176821.936262814,369975872.0
974,2435,183642.191304235,379782112.0
975,2436,177254.582741058,335684160.0
976,2437,168715.950111702,352342496.0
977,2438,180096.931198144,351792672.0
978,2439,160620.728178758,355816352.0
979,2440,175286.544392273,343158720.0
980,2441,153494.783276297,318183104.0
981,2442,156407.65915545,301716992.0
982,2443,162162.525245786,360979232.0
983,2444,166809.886827197,371561024.0
984,2445,172929.156408918,341447872.0
985,2446,193514.330894137,397270016.0
986,2447,181612.141603756,402856320.0
987,2448,191745.386377068,387975168.0
988,2449,171369.325038261,314141120.0
989,2450,184425.470567051,369003584.0
990,2451,170563.252355189,302238720.0
991,2452,184522.369240168,465471296.0
992,2453,164968.947931153,356676224.0
993,2454,157939.621592364,407144320.0
994,2455,151520.381580069,345967008.0
995,2456,176129.508722531,374673952.0
996,2457,171112.978971478,344896448.0
997,2458,169762.081624282,332370912.0
998,2459,162246.828936295,343806080.0
999,2460,171339.303381589,344626656.0
1000,2461,189034.753653813,337948832.0
1001,2462,175758.873595981,348480576.0
1002,2463,163351.721489893,334389472.0
1003,2464,189806.546645026,375399424.0
1004,2465,175370.990918319,377484512.0
1005,2466,196895.599900301,369690048.0
1006,2467,176905.917994834,336607296.0
1007,2468,176866.557227858,329861696.0
1008,2469,163590.677170026,337108256.0
1009,2470,212693.502958393,451628128.0
1010,2471,192686.931747717,392812640.0
1011,2472,181578.684951827,415000960.0
1012,2473,166475.457581812,320227488.0
1013,2474,185998.255166219,401012320.0
1014,2475,185527.714877908,448660032.0
1015,2476,159027.118197683,311153216.0
1016,2477,181169.654933769,403112160.0
1017,2478,176732.915304722,426572128.0
1018,2479,191619.294648838,437073184.0
1019,2480,189114.303789324,437912544.0
1020,2481,180934.635330334,421231872.0
1021,2482,164573.372223048,366007936.0
1022,2483,173902.011270196,381229888.0
1023,2484,165625.127741229,388229856.0
1024,2485,179555.219570787,372501120.0
1025,2486,196899.720661579,445622368.0
1026,2487,207566.12470446,499445408.0
1027,2488,163899.981149274,344489920.0
1028,2489,189179.428177786,421765600.0
1029,2490,193892.880023125,439165792.0
1030,2491,178980.874331431,368018624.0
1031,2492,179749.876244365,424297504.0
1032,2493,197999.674975598,458107648.0
1033,2494,203717.470295797,501668416.0
1034,2495,185249.261156892,459791040.0
1035,2496,201691.208274848,458979808.0
1036,2497,181956.548314794,397179968.0
1037,2498,171895.936275806,330630688.0
1038,2499,187245.168439419,401105664.0
1039,2500,157816.77461318,338833952.0
1040,2501,191702.912573325,395295072.0
1041,2502,198599.420028908,409956704.0
1042,2503,187193.313676329,358469056.0
1043,2504,220514.993999535,559282816.0
1044,2505,181814.527595192,390106464.0
1045,2506,183750.755371907,424867328.0
1046,2507,183000.431679579,451580992.0
1047,2508,185830.971906573,443124960.0
1048,2509,185497.872344187,458468384.0
1049,2510,179613.437681321,408595584.0
1050,2511,164454.967963631,374733376.0
1051,2512,185127.237217638,391929472.0
1052,2513,178750.613844623,391966496.0
1053,2514,160927.61044889,473278784.0
1054,2515,192562.808057836,442791488.0
1055,2516,180990.24148554,390229952.0
1056,2517,180064.941503122,374077248.0
1057,2518,196070.997393789,450038624.0
1058,2519,180352.919019023,415390560.0
1059,2520,183367.953769362,443338432.0
1060,2521,176734.841494027,392903936.0
1061,2522,180848.220765939,389582464.0
1062,2523,187806.059368823,409704448.0
1063,2524,180521.52640004,379812032.0
1064,2525,181502.754496154,391134240.0
1065,2526,174525.87942676,381608832.0
1066,2527,188927.984063168,444681664.0
1067,2528,184728.870431253,391848544.0
1068,2529,179857.975518011,351336160.0
1069,2530,180962.868071609,343567392.0
1070,2531,179194.066390078,428433152.0
1071,2532,179591.789259484,389070208.0
1072,2533,180638.463702549,377766080.0
1073,2534,185846.215131922,449411136.0
1074,2535,195174.031139141,460826368.0
1075,2536,192474.56829063,474976256.0
1076,2537,164200.595496827,462637120.0
1077,2538,178403.094096818,369988928.0
1078,2539,170774.84018302,384499968.0
1079,2540,179879.945898337,393926752.0
1080,2541,177668.192752792,371042048.0
1081,2542,180174.328610725,381711424.0
1082,2543,170643.303572141,388580160.0
1083,2544,165448.004289838,390816736.0
1084,2545,195531.754886222,464466880.0
1085,2546,165314.177682121,386834432.0
1086,2547,172532.757660882,342130368.0
1087,2548,203310.218069877,390501056.0
1088,2549,175090.062515883,360519584.0
1089,2550,230841.338626282,762897088.0
1090,2551,155225.19006632,309330720.0
1091,2552,168322.342441945,362879520.0
1092,2553,165956.259265265,305817600.0
1093,2554,193956.817564124,344376608.0
1094,2555,171070.367893827,393164544.0
1095,2556,166285.243628001,365401376.0
1096,2557,182875.801346628,361939200.0
1097,2558,218108.536769738,396608640.0
1098,2559,174378.777632042,368954496.0
1099,2560,164731.316372391,351312672.0
1100,2561,156969.695083273,299318336.0
1101,2562,173388.854342604,343003936.0
1102,2563,177559.628685119,354377632.0
1103,2564,194297.789279905,354131648.0
1104,2565,174894.588364005,419485888.0
1105,2566,196544.144075798,366002688.0
1106,2567,179036.158528149,339110560.0
1107,2568,211423.986511149,540298816.0
1108,2569,208156.398935188,502096416.0
1109,2570,159233.941347257,270781696.0
1110,2571,210820.115134931,488617120.0
1111,2572,140196.10979821,314678688.0
1112,2573,198678.469082978,505176704.0
1113,2574,186818.610760803,480942624.0
1114,2575,175044.797633861,350152160.0
1115,2576,180031.162892704,316642464.0
1116,2577,176889.171525162,349448864.0
1117,2578,159638.856165666,307537504.0
1118,2579,154287.264375509,399235232.0
1119,2580,191885.618181273,344515072.0
1120,2581,177503.378612934,351895264.0
1121,2582,166548.31684976,337464864.0
1122,2583,164475.14942856,369896448.0
1123,2584,167484.744857879,426536032.0
1124,2585,188683.160555403,417904448.0
1125,2586,162243.399502668,433945696.0
1126,2587,180807.213919103,407693920.0
1127,2588,176279.079637039,382412128.0
1128,2589,163438.959094218,370694752.0
1129,2590,161495.5393685,334830496.0
1130,2591,216032.303722443,498350752.0
1131,2592,176632.181541401,406136928.0
1132,2593,168743.001567144,399788544.0
1133,2594,183810.11848086,417204928.0
1134,2595,156794.36054728,366057728.0
1135,2596,169136.43011395,460187552.0
1136,2597,183203.318752456,395102080.0
1137,2598,213252.926930889,446672160.0
1138,2599,190550.327866959,477833536.0
1139,2600,234707.209860273,754121024.0
1140,2601,135751.318892816,374905984.0
1141,2602,164228.45886894,265508944.0
1142,2603,153219.437030419,269959808.0
1143,2604,164210.746523801,232689248.0
1144,2605,163883.229117973,264793952.0
1145,2606,154892.776269956,383173408.0
1146,2607,197092.08733832,432219328.0
1147,2608,228148.376399122,623225600.0
1148,2609,178680.587503997,361192576.0
1149,2610,165643.341167808,300805856.0
1150,2611,222406.642660249,552080576.0
1151,2612,184021.843582599,407566464.0
1152,2613,170871.094939159,403143872.0
1153,2614,189562.873697309,397852096.0
1154,2615,170591.884966356,410984896.0
1155,2616,172934.351682851,396673696.0
1156,2617,186425.069879189,443571648.0
1157,2618,218648.131133006,702755776.0
1158,2619,183035.606761141,473173664.0
1159,2620,178378.906069427,370058976.0
1160,2621,184516.716597846,450543968.0
1161,2622,181419.5253183,397380192.0
1162,2623,196858.923438425,468879968.0
1163,2624,189228.701486278,482016128.0
1164,2625,208973.380761028,487785664.0
1165,2626,180269.86896412,373257056.0
1166,2627,159488.713683953,320288896.0
1167,2628,191490.299507521,519204640.0
1168,2629,228684.245137946,572309952.0
1169,2630,201842.998700429,457744672.0
1170,2631,209242.82289186,509277728.0
1171,2632,202357.62258493,525005152.0
1172,2633,168238.61218265,397544352.0
1173,2634,202524.12465369,489834688.0
1174,2635,170588.771929588,403846912.0
1175,2636,198375.31512987,412857600.0
1176,2637,170636.827889889,398739392.0
1177,2638,181991.079479377,410615712.0
1178,2639,183994.54251844,406252032.0
1179,2640,182951.482193584,399335808.0
1180,2641,174126.297156192,365329568.0
1181,2642,170575.496742588,392682816.0
1182,2643,175332.239869971,283905248.0
1183,2644,167522.061539111,281997824.0
1184,2645,168095.583738538,267765552.0
1185,2646,154406.415627461,266022912.0
1186,2647,170996.973346087,270770080.0
1187,2648,159056.890245639,320721312.0
1188,2649,181373.6165193,376140096.0
1189,2650,152272.560975937,302226528.0
1190,2651,168664.346821336,280462464.0
1191,2652,211007.008292301,508731360.0
1192,2653,182909.515032911,488795200.0
1193,2654,203926.829353303,474024256.0
1194,2655,179082.825442944,472172192.0
1195,2656,206260.099795032,484611744.0
1196,2657,181732.443415757,422258208.0
1197,2658,189698.740693148,463745664.0
1198,2659,203074.34678979,425598400.0
1199,2660,201670.634365666,441830752.0
1200,2661,173756.812589691,465274624.0
1201,2662,181387.076390881,476604800.0
1202,2663,184859.155270535,451588224.0
1203,2664,158313.615666777,368074080.0
1204,2665,151951.955409666,398259840.0
1205,2666,162537.52704471,384287616.0
1206,2667,178998.337067854,400384096.0
1207,2668,186732.584943041,401159264.0
1208,2669,187323.318406165,442905568.0
1209,2670,199437.232798284,445451328.0
1210,2671,185546.680858653,380953152.0
1211,2672,161595.015798593,312587008.0
1212,2673,154672.422763036,322684608.0
1213,2674,159355.710116165,325230752.0
1214,2675,155919.014077746,309565568.0
1215,2676,182424.87095604,385088192.0
1216,2677,178100.589622319,386031840.0
1217,2678,202577.900044456,448875200.0
1218,2679,177862.778940605,405706560.0
1219,2680,182056.024744887,410425024.0
1220,2681,191403.199177104,431773728.0
1221,2682,196264.754980043,432225792.0
1222,2683,209375.003419718,551797696.0
1223,2684,196691.81930173,430295968.0
1224,2685,192458.431539585,483082432.0
1225,2686,182242.80926507,456249024.0
1226,2687,183259.503900506,478246336.0
1227,2688,188108.243748841,442591968.0
1228,2689,171418.640195797,396374656.0
1229,2690,194698.882220432,473850080.0
1230,2691,174841.84007522,375211744.0
1231,2692,172965.476488899,334415936.0
1232,2693,189386.323677132,442814304.0
1233,2694,185682.618340257,377043616.0
1234,2695,176412.012719061,373183936.0
1235,2696,174976.489722867,367275744.0
1236,2697,180718.581707643,380221120.0
1237,2698,186131.188248242,396935104.0
1238,2699,165220.786354033,369652928.0
1239,2700,164115.893800435,366805024.0
1240,2701,182125.729127024,376390304.0
1241,2702,182285.140233276,390023360.0
1242,2703,196325.442210366,368978144.0
1243,2704,164865.215329881,382118848.0
1244,2705,182694.492209823,384182272.0
1245,2706,185425.485520958,379308800.0
1246,2707,171414.7041191,376522624.0
1247,2708,183433.472466085,423035232.0
1248,2709,176844.981155794,320198208.0
1249,2710,180568.187753206,373014976.0
1250,2711,185948.625475832,401894720.0
1251,2712,189388.291715481,454741088.0
1252,2713,142754.489165865,318826624.0
1253,2714,156106.800760811,286052000.0
1254,2715,155895.397617561,298565952.0
1255,2716,159851.977738548,314392640.0
1256,2717,185157.832305524,367695936.0
1257,2718,180716.291710805,385663008.0
1258,2719,176901.093954071,430496192.0
1259,2720,181017.222455218,410979680.0
1260,2721,183269.159407668,388281216.0
1261,2722,193550.830097069,384115360.0
1262,2723,170625.842699726,386791776.0
1263,2724,182012.405942725,364621568.0
1264,2725,179162.507290733,388660512.0
1265,2726,183269.159407668,400290624.0
1266,2727,180589.836175042,398634176.0
1267,2728,181465.935198741,413043680.0
1268,2729,196053.029878304,386898944.0
1269,2730,183421.020319014,414055616.0
1270,2731,167926.839083612,364749536.0
1271,2732,168027.530997889,398313600.0
1272,2733,182164.26685407,401477760.0
1273,2734,172469.071592608,449434752.0
1274,2735,181059.374300472,389240480.0
1275,2736,182997.570115536,382116352.0
1276,2737,166140.504179894,396788256.0
1277,2738,198515.546934075,408204320.0
1278,2739,193789.648503294,425400160.0
1279,2740,173550.025727531,409701600.0
1280,2741,176487.943174734,378593856.0
1281,2742,188813.302559147,417738624.0
1282,2743,178531.911979192,398948768.0
1283,2744,182145.731469001,399359744.0
1284,2745,179196.465024103,369713152.0
1285,2746,169618.349900686,423345728.0
1286,2747,170010.168655046,402711232.0
1287,2748,181739.671652174,353660672.0
1288,2749,172846.934955574,401742848.0
1289,2750,195560.8830172,415747584.0
1290,2751,180358.114292956,432549248.0
1291,2752,211817.702818093,512842720.0
1292,2753,176170.128686742,429553440.0
1293,2754,234492.248263699,574984640.0
1294,2755,182450.956536015,356329536.0
1295,2756,174902.068073146,404929056.0
1296,2757,173684.174293738,404354624.0
1297,2758,147196.673677562,337635616.0
1298,2759,175231.189709791,361669280.0
1299,2760,193417.64740633,416312992.0
1300,2761,183313.601249761,407669952.0
1301,2762,180882.250849082,396554912.0
1302,2763,186735.697979808,412736320.0
1303,2764,172922.865411247,400904352.0
1304,2765,202551.677190573,495073728.0
1305,2766,190485.634074173,427977344.0
1306,2767,173439.49362151,355988448.0
1307,2768,196613.598849219,352805056.0
1308,2769,178152.259700828,351897344.0
1309,2770,174519.904825949,358917248.0
1310,2771,172627.796932837,347283712.0
1311,2772,173732.689486435,310337248.0
1312,2773,209219.844787023,397313888.0
1313,2774,181059.374300472,406454720.0
1314,2775,188515.443002459,338608864.0
1315,2776,182164.26685407,379920800.0
1316,2777,188137.901597981,342819552.0
1317,2778,158893.54306269,302027008.0
1318,2779,189579.65066771,367464224.0
1319,2780,165229.803505847,370972576.0
1320,2781,162186.071220207,335672320.0
1321,2782,166374.879866351,344611584.0
1322,2783,161665.184974757,351831392.0
1323,2784,175079.328798445,338135040.0
1324,2785,203840.874021305,354099200.0
1325,2786,152129.078861057,346061504.0
1326,2787,181012.141380101,381137152.0
1327,2788,161305.53503837,330435552.0
1328,2789,203326.392972343,358796032.0
1329,2790,168385.571141831,297127776.0
1330,2791,183564.365159986,430124416.0
1331,2792,163784.619440861,275286752.0
1332,2793,171989.192193993,427378144.0
1333,2794,180839.95616829,332988032.0
1334,2795,170895.923185907,340427648.0
1335,2796,174071.054808518,414895488.0
1336,2797,259423.859147546,673913920.0
1337,2798,188000.824679588,385589216.0
1338,2799,179171.703565498,351859200.0
1339,2800,171022.241447762,329892576.0
1340,2801,174126.297156192,358067392.0
1341,2802,187625.573271948,422541472.0
1342,2803,199567.946369234,455575648.0
1343,2804,205328.078219268,483618528.0
1344,2805,166231.535025379,355147648.0
1345,2806,154743.91606057,330427904.0
1346,2807,159714.537012622,353444928.0
1347,2808,185563.069082422,409616864.0
1348,2809,171500.796725006,398616416.0
1349,2810,180983.443844799,379556768.0
1350,2811,183141.236914997,417293312.0
1351,2812,178498.634450214,355477920.0
1352,2813,224323.710512388,430738272.0
1353,2814,218200.642127877,407115872.0
1354,2815,182283.177756557,458323200.0
1355,2816,190054.639237419,498473472.0
1356,2817,160192.453934518,433391680.0
1357,2818,171289.393581756,401539648.0
1358,2819,151131.098733642,295080512.0
1359,2820,181721.458225594,383949184.0
1360,2821,172725.053851858,338927680.0
1361,2822,222438.699143414,511091232.0
1362,2823,235419.373448928,588460416.0
1363,2824,185150.926027596,442093376.0
1364,2825,184772.239624699,410260704.0
1365,2826,180658.216435809,419384192.0
1366,2827,209673.316647174,384673344.0
1367,2828,205939.810625621,441710816.0
1368,2829,165633.573325837,415929024.0
1369,2830,186030.317211014,429339552.0
1370,2831,160312.319589212,370139392.0
1371,2832,190702.440251029,460544064.0
1372,2833,175122.810326699,439410432.0
1373,2834,183783.13937519,421319424.0
1374,2835,178290.666302221,421739840.0
1375,2836,181605.343963015,397067072.0
1376,2837,187992.451444752,428085600.0
1377,2838,188885.11781517,444048128.0
1378,2839,189959.344795118,437454752.0
1379,2840,179258.619211334,392694944.0
1380,2841,181518.750275669,388564832.0
1381,2842,193008.659237315,449928832.0
1382,2843,186313.89385619,364446208.0
1383,2844,181499.39185067,406786752.0
1384,2845,174126.297156192,351233184.0
1385,2846,183918.612062767,400639904.0
1386,2847,184114.270899227,394164480.0
1387,2848,158540.947801398,421136704.0
1388,2849,197034.759055859,385896224.0
1389,2850,185170.284452595,423146208.0
1390,2851,221134.533635148,544013120.0
1391,2852,184306.637575967,424742912.0
1392,2853,199792.302740996,423151008.0
1393,2854,143237.803559736,322547008.0
1394,2855,177294.838897736,393021120.0
1395,2856,182368.620883855,380844640.0
1396,2857,176487.943174734,374861248.0
1397,2858,183849.408762071,389470944.0
1398,2859,184964.141507413,374719968.0
1399,2860,196395.969632434,325604992.0
1400,2861,188374.936650438,448442048.0
1401,2862,176261.296806135,365456448.0
1402,2863,163628.142248426,327189536.0
1403,2864,180618.032628904,431748768.0
1404,2865,161647.329794081,310160416.0
1405,2866,167129.598867773,293922272.0
1406,2867,174750.988352687,342510144.0
1407,2868,177560.202116333,368647680.0
1408,2869,192577.796112839,381071680.0
1409,2870,199202.898960871,456101408.0
1410,2871,182818.156667308,355641920.0
1411,2872,148217.262540651,355769664.0
1412,2873,188997.797082492,408005728.0
1413,2874,185807.928877601,403115456.0
1414,2875,177030.477842021,348668000.0
1415,2876,175942.474593632,345977088.0
1416,2877,172912.518576433,324307232.0
1417,2878,198359.248864591,388360000.0
1418,2879,184379.133036383,392013600.0
1419,2880,194255.566948886,337847616.0
1420,2881,209449.651603064,530408768.0
1421,2882,169979.323958443,424620928.0
1422,2883,188206.281858748,375022432.0
1423,2884,186412.438609167,428278304.0
1424,2885,196761.386409959,453645824.0
1425,2886,208353.269558209,483983648.0
1426,2887,166548.067241044,353067584.0
1427,2888,175942.474593632,352653824.0
1428,2889,166790.457916434,324050016.0
1429,2890,160515.850579067,343268384.0
1430,2891,192167.621096362,390288928.0
1431,2892,178751.551083369,353961888.0
1432,2893,198678.894117024,343180928.0
1433,2894,164553.120272354,323427264.0
1434,2895,156887.932862327,374998144.0
1435,2896,164185.777305524,345535520.0
1436,2897,212992.120630876,515828160.0
1437,2898,197468.550532521,403414080.0
1438,2899,180106.84373966,411258080.0
1439,2900,183972.071056674,420727776.0
1440,2901,245283.198337927,860147968.0
1441,2902,170351.963410756,386275200.0
1442,2903,195596.307707478,462823136.0
1443,2904,189369.756330412,450848768.0
1444,2905,223667.404551664,599677056.0
1445,2906,169335.310624364,374537280.0
1446,2907,167411.02835165,282181184.0
1447,2908,187709.555003968,396610720.0
1448,2909,196526.002998991,454517472.0
1449,2910,137402.569855589,225470464.0
1450,2911,165086.775061735,265449024.0
1451,2912,188506.431412274,442879072.0
1452,2913,172917.456816012,270171584.0
1453,2914,166274.325225982,224892992.0
1454,2915,167081.220948984,229105440.0
1455,2916,164788.778231138,267364032.0
1456,2917,219222.423400059,472192256.0
1457,2918,184924.279658997,345318048.0
1458,2919,187741.866657478,402010208.0
