,Id,Estimate,Actual,Percent Error
0,1461,123794.836,169277.0524984,26.868506917870572
1,1462,180395.14,187758.393988768,3.9216640105094154
2,1463,193727.0,183583.683569555,5.5251731707420335
3,1464,189537.17,179317.47751083,5.699218227934733
4,1465,192504.98,150730.079976501,27.715041619437713
5,1466,179981.98,177150.989247307,1.598069048172718
6,1467,163898.2,172070.659229164,4.749476837465893
7,1468,168658.02,175110.956519547,3.685058332615919
8,1469,170536.92,162011.698831665,5.2621033572353015
9,1470,129740.92,160726.247831419,19.27832346893246
10,1471,170384.14,157933.279456005,7.883620989750552
11,1472,106614.39,145291.245020389,26.62022366864666
12,1473,106530.41,159672.017631819,33.28173099456664
13,1474,150461.64,164167.518301885,8.348714665760784
14,1475,119668.71,150891.638244053,20.692284655331832
15,1476,381065.72,179460.96518734,112.33905565603305
16,1477,255601.02,185034.62891405,38.13685423377082
17,1478,266144.8,182352.192644656,45.95098015554332
18,1479,288872.03,183053.458213802,57.80747005205686
19,1480,519185.94,187823.339254278,176.42248272304352
20,1481,351487.34,186544.114327568,88.42049507538724
21,1482,202727.14,158230.77520516,28.121182723238626
22,1483,179616.58,190552.829321091,5.7392226791148175
23,1484,171963.42,147183.67487199,16.835934436724514
24,1485,181922.95,185855.300905493,2.115811473406718
25,1486,194200.94,174350.470676986,11.385381838050996
26,1487,341250.84,201740.620690863,69.15326352292497
27,1488,213898.77,162986.378895754,31.23720342410303
28,1489,199556.17,162330.199085679,22.932253517210857
29,1490,248991.94,165845.938616539,50.13447997403613
30,1491,203426.3,180929.622876974,12.433936267762506
31,1492,108441.95,163481.501519718,33.667141470485895
32,1493,145961.14,187798.076714233,22.27761690706507
33,1494,304769.53,198822.198942566,53.28747638388163
34,1495,285641.28,194868.409899858,46.5816246957574
35,1496,240125.72,152605.298564403,57.35083972111318
36,1497,193939.73,147797.702836811,31.219721722695624
37,1498,173123.72,150521.96899297,15.015582049744237
38,1499,166382.33,146991.630153739,13.191702106426193
39,1500,156923.83,150306.307814534,4.402689685273552
40,1501,187574.45,151164.372534604,24.086416646925947
41,1502,161009.45,151133.706960953,6.534443151452984
42,1503,230025.4,156214.042540726,47.25014634329748
43,1504,247345.3,171992.760735142,43.81145800426808
44,1505,237910.64,173214.912549738,37.34997589002903
45,1506,209133.42,192429.187345783,8.680717701728149
46,1507,278856.3,190878.69508543,46.090852295063414
47,1508,206856.64,194542.544135519,6.329770459310404
48,1509,160977.86,191849.439072822,16.091566306901626
49,1510,147328.89,176363.773907793,16.4630653106647
50,1511,165595.11,176954.185412429,6.419218630491442
51,1512,174348.08,176521.216975696,1.2310921530725742
52,1513,128929.07,179436.704810176,28.147883428369592
53,1514,163424.8,220079.756777048,25.742921898737993
54,1515,200409.17,175502.918109444,14.191361621705006
55,1516,143153.64,188321.073833569,23.984269146896573
56,1517,167271.8,163276.324450004,2.4470617148289806
57,1518,124025.44,185911.366293097,33.28786723859113
58,1519,222983.64,171392.830997252,30.100914564259217
59,1520,136226.05,174418.207020775,21.896888402955504
60,1521,137262.67,179682.709603774,23.60830255861359
61,1522,176339.92,179423.751581665,1.7187410693847864
62,1523,123586.33,171756.918091777,28.045793148801973
63,1524,130569.17,166849.638174419,21.744408136799567
64,1525,132265.6,181122.168676666,26.974376070928866
65,1526,106205.72,170934.462746566,37.867579747528914
66,1527,105200.984,159738.292580329,34.14166216776315
67,1528,132006.17,174445.759557658,24.328242652771856
68,1529,154441.02,174706.363659627,11.599662204697434
69,1530,189517.28,164507.672539365,15.202700472618043
70,1531,117801.78,163602.512172832,27.99512691739566
71,1532,94487.94,154126.270249525,38.69446308729371
72,1533,148131.05,171104.853481351,13.426741637609329
73,1534,115463.97,167735.39270528,31.16302594952258
74,1535,135008.17,183003.613338104,26.22649935027849
75,1536,111971.45,172580.381161499,35.11924566893949
76,1537,63215.65,165407.889104689,61.78196289205413
77,1538,162137.64,176363.773907793,8.06635794164324
78,1539,173379.22,175182.950898522,1.0296276773912965
79,1540,101072.72,190757.177789246,47.01498527008612
80,1541,135068.81,167186.995771991,19.210933914856426
81,1542,142172.3,167839.376779276,15.292644906582643
82,1543,177043.22,173912.421165137,1.8002150530065821
83,1544,95552.945,154034.917445551,37.966698137598236
84,1545,113962.375,156002.955794336,26.948579647272542
85,1546,139392.1,168173.94329857,17.11433351923712
86,1547,138337.2,168882.437104132,18.086684739336143
87,1548,144224.67,168173.94329857,14.240774137674418
88,1549,110002.05,157580.177551642,30.192966790540485
89,1550,140049.5,181922.15256011,23.016797004023246
90,1551,94588.51,155134.227842592,39.02795719041779
91,1552,158982.34,188885.573319552,15.831399425599566
92,1553,119554.75,183963.193012381,35.01159224174056
93,1554,134451.42,161298.762306335,16.644480123379456
94,1555,175658.77,188613.66763056,6.868485284393563
95,1556,97590.664,175080.111822945,44.25942327407726
96,1557,87375.0,174744.400305232,49.99839774700699
97,1558,91649.78,168175.911336919,45.50362146312896
98,1559,81511.2,182333.472575006,55.295535167593
99,1560,124204.92,158307.206742274,21.541839799367388
100,1561,114579.92,193053.055502348,40.64848050353369
101,1562,127143.984,175031.089987177,27.359199794553792
102,1563,116405.42,160713.294602908,27.569513049548465
103,1564,151221.83,173186.215014436,12.682526081885412
104,1565,153521.17,191736.7598055,19.93127868086764
105,1566,232511.64,170401.630997116,36.449187290311315
106,1567,74182.39,164626.577880222,54.93899491795719
107,1568,241881.67,205469.409444832,17.72150050392031
108,1569,144949.44,209561.784211885,30.832122829492786
109,1570,127191.92,182271.503072356,30.218427054662047
110,1571,116976.586,178081.549427793,34.312910959408136
111,1572,147754.36,178425.956138831,17.19009802585327
112,1573,269485.56,162015.318511503,66.33338438356783
113,1574,107641.86,181722.420373045,40.76577939363249
114,1575,250715.61,156705.730169433,59.99134754288938
115,1576,245387.1,182902.420342386,34.16284666471072
116,1577,186941.86,157574.595395085,18.63705498102838
117,1578,142817.67,184380.739100813,22.54197885771992
118,1579,149669.92,169364.469225677,11.628500027614495
119,1580,185302.36,175846.179822063,5.377529135125727
120,1581,139661.72,189673.295302136,26.36722079008071
121,1582,125240.08,174401.317715566,28.188571184275037
122,1583,304971.53,179021.448718583,70.35474432418833
123,1584,227336.36,189196.845337149,20.158641635850934
124,1585,139844.47,139647.095720655,0.14133700978631455
125,1586,95449.266,161468.198288911,40.88664725532205
126,1587,116507.89,171557.32317862,32.088069185075994
127,1588,156492.98,179447.36804185,12.791708185709727
128,1589,81311.72,169611.619017694,52.060053891993384
129,1590,128643.38,172088.872655744,25.245961097179556
130,1591,94017.69,171190.624128768,45.08011873986698
131,1592,90638.945,154850.508361878,41.466808038704485
132,1593,126340.625,158617.655719941,20.348952059239902
133,1594,121968.09,209258.33693701,41.71410538032026
134,1595,97403.39,177939.027626751,45.260243396791175
135,1596,224041.05,194631.100299584,15.110610036190012
136,1597,205406.64,213618.871562568,3.844337757941334
137,1598,216336.89,198342.504228533,9.072380358641436
138,1599,158293.86,138607.971472497,14.202565475398448
139,1600,142433.06,150778.958976731,5.535186430103273
140,1601,101612.15,146966.230339786,30.86020631911654
141,1602,114225.67,162182.59620952,29.56971059494297
142,1603,83119.09,176825.940961269,52.99383489880257
143,1604,273999.94,152799.812402444,79.31955098108317
144,1605,224869.27,180322.322067129,24.704064947260065
145,1606,155362.03,177508.027228367,12.476053237792906
146,1607,170891.11,208029.642652019,17.85251986378806
147,1608,206200.03,181987.282510201,13.304637777885267
148,1609,174155.67,160172.72797397,8.729915559222038
149,1610,157093.05,176761.317654248,11.127022043205123
150,1611,141001.56,176515.497545231,20.119443073903902
151,1612,180577.56,176270.453065471,2.443466479846876
152,1613,166409.69,183050.846258475,9.091003455388037
153,1614,111784.61,150011.102062216,25.48244240707054
154,1615,92018.31,159270.537808667,42.225151138409316
155,1616,81184.16,163419.663729346,50.321672192119806
156,1617,91157.16,163399.983345859,44.21226099083921
157,1618,137494.9,173364.161505756,20.690121270863166
158,1619,139201.25,169556.835902417,17.902897126416757
159,1620,219558.2,183690.595995738,19.526098728589353
160,1621,134484.14,176980.914909382,24.01206610675578
161,1622,146694.52,204773.36222471,28.362500849098048
162,1623,265063.38,174728.655998442,51.70000220362451
163,1624,203358.12,181873.458244461,11.812975330716409
164,1625,109177.414,177322.000823979,38.4298544144692
165,1626,166171.52,193927.939041863,14.312751197170844
166,1627,189168.61,181715.622732304,4.101456182265312
167,1628,294517.2,199270.841200324,47.797432743271386
168,1629,185263.03,177109.589956218,4.603613669817403
169,1630,398982.1,153909.578271486,159.23149048347256
170,1631,230153.86,162931.203336223,41.25830698006758
171,1632,255950.83,166386.7567182,53.828846221511306
172,1633,171976.02,173719.30379824,1.0035086113772809
173,1634,187946.94,179757.925656704,4.555577626621658
174,1635,176725.45,179007.601964376,1.2748893423141663
175,1636,147280.39,180370.808623106,18.345772384516003
176,1637,192275.3,185102.616730563,3.874975011767458
177,1638,193681.34,198825.563452058,2.58730296685336
178,1639,179237.88,184294.576009142,2.7438143425833483
179,1640,252350.81,200443.7920562,25.896047920130354
180,1641,179623.47,181294.784484153,0.921877448878896
181,1642,254258.55,174354.336267919,45.82863398607844
182,1643,225157.53,172023.677781517,30.88752324896052
183,1644,235379.31,181666.922855025,29.566411320699746
184,1645,226186.03,179024.491269586,26.343624632562303
185,1646,157899.42,178324.191575907,11.453729031606356
186,1647,147257.77,184534.676687694,20.20049116610281
187,1648,122527.6,159397.250378784,23.1306680188452
188,1649,140321.53,178430.966728182,21.35808384440191
189,1650,114841.79,177743.799385967,35.38914467945887
190,1651,121410.5,179395.305519087,32.3223650425555
191,1652,97835.98,151713.38474815,35.51262683585141
192,1653,109463.945,151713.38474815,27.848195138343062
193,1654,152756.31,168434.977996215,9.308437999479725
194,1655,135014.05,153999.100311019,12.328028798659526
195,1656,149498.89,164096.097354123,8.895523394210832
196,1657,157733.98,166335.403036551,5.17112923919203
197,1658,150516.83,163020.725375757,7.670127354626817
198,1659,130678.38,155862.510668829,16.157912347401687
199,1660,149995.73,182760.651095509,17.927774126492015
200,1661,447560.6,201912.270622883,121.66091856097296
201,1662,391301.3,185988.233987516,110.39035863218378
202,1663,388323.22,183778.44888032,111.29964972273947
203,1664,455375.22,170935.85921771,166.4012225603394
204,1665,308153.97,184468.908382254,67.04927212527731
205,1666,313617.66,191569.089663229,63.70994757104479
206,1667,388904.4,232991.025583822,66.91819149492771
207,1668,338358.28,180980.721388278,86.95819016218996
208,1669,299353.53,164279.13048219,82.22249556066029
209,1670,348561.75,183859.460411109,89.58053570951277
210,1671,267065.9,185922.465682076,43.643698608579015
211,1672,441259.62,191742.778119363,130.13102726889076
212,1673,304011.56,199954.072465842,52.040695521184766
213,1674,242378.45,180690.274752587,34.14028699490358
214,1675,196388.94,163099.3096358,20.410649155128613
215,1676,205435.98,140791.922472443,45.91460984930417
216,1677,218998.14,166481.86647592,31.544741334742298
217,1678,514025.3,172080.434496773,198.71223535854065
218,1679,424200.06,191719.161659178,121.26117119899928
219,1680,346807.84,160741.098612515,115.75555146977091
220,1681,237127.27,157829.546854733,50.24263222605142
221,1682,337417.2,196896.748596341,71.36757712121526
222,1683,190381.08,159675.423990355,19.230043902372696
223,1684,172510.27,182084.790901946,5.258278425957028
224,1685,173144.58,179233.926374487,3.3974305940071083
225,1686,173419.36,155774.270901623,11.327344606556043
226,1687,152692.28,181354.326716058,15.804445355711566
227,1688,190541.14,179605.563663918,6.088662699528005
228,1689,191922.58,181609.34866147,5.678798773049092
229,1690,189682.58,178221.531623281,6.4307866716940865
230,1691,178840.86,175559.920735795,1.8688426296014242
231,1692,254108.02,200328.822792041,26.845459421875876
232,1693,169496.2,178630.060559899,5.113281273190964
233,1694,182494.02,177174.535221728,3.0023955737289487
234,1695,167291.36,172515.687368714,3.028320539075468
235,1696,275152.28,204032.992922943,34.85675885464101
236,1697,163378.48,176023.232787689,7.18356788046297
237,1698,355269.66,202202.073341595,75.70030335436597
238,1699,333077.28,181734.480075862,83.27687795456454
239,1700,263092.16,183982.158993126,42.998732969445
240,1701,269677.34,188007.94241481,43.4393357462523
241,1702,229913.61,185922.966763517,23.66068236606642
242,1703,223123.61,183978.544874918,21.27697255497681
243,1704,282010.06,177199.618638821,59.14823331240345
244,1705,226125.56,181878.647956764,24.327712483190616
245,1706,405491.47,173622.088728263,133.5483184888054
246,1707,220583.48,180728.168562655,22.05263082634954
247,1708,207702.77,176477.026606328,17.693939896396877
248,1709,261173.53,184282.266697609,41.72472258470903
249,1710,231302.64,162062.47538448,42.72436606700802
250,1711,260414.58,182550.070992189,42.653780800853646
251,1712,264680.84,180987.949624695,46.242246679325596
252,1713,290446.78,178173.79762147,63.013184389241005
253,1714,228170.48,179980.635948606,26.775018419289694
254,1715,215913.78,173257.637826205,24.62006521558573
255,1716,175126.55,177271.291059307,1.2098654956991668
256,1717,159195.92,175338.355442312,9.206447457882659
257,1718,131810.61,177548.140549508,25.760636542264677
258,1719,234802.55,175969.91662932,33.433345524400465
259,1720,229211.72,175011.481953462,30.96953193673921
260,1721,153064.23,185199.372568143,17.351645282339753
261,1722,134298.27,188514.050228937,28.759545794117606
262,1723,160784.73,185080.145268797,13.126967702836035
263,1724,211403.2,157304.402574096,34.39115477103163
264,1725,252951.72,194260.859481297,30.212395551741924
265,1726,181424.06,181262.329995106,0.08922565703440048
266,1727,157051.62,157003.292706732,0.03078425454317221
267,1728,167963.83,182924.499359899,8.17860444459344
268,1729,162369.08,181902.586375439,10.738444482654401
269,1730,135471.02,188985.371708134,28.31666578182607
270,1731,127516.33,185290.904495068,31.180470799421148
271,1732,125326.766,177304.425752748,29.31548939462523
272,1733,114365.01,166274.900490809,31.21931964781321
273,1734,129707.58,177807.420530107,27.051650747592138
274,1735,109412.09,180330.624816201,39.32694800923777
275,1736,127306.7,179069.112234629,28.906386178877252
276,1737,285022.97,175943.371816948,61.99699130839594
277,1738,245495.55,185199.050609653,32.55767028332931
278,1739,267593.03,167350.910824524,59.899357542538255
279,1740,233098.66,149315.311876449,56.11168963225791
280,1741,189915.17,139010.847766793,36.618958107215455
281,1742,181167.08,155412.151845447,16.57201574891361
282,1743,177484.53,171308.313985441,3.6053225444060484
283,1744,368312.72,176220.543265638,109.00668669191356
284,1745,223316.17,177643.434991809,25.71034324195372
285,1746,175432.2,187222.653264601,6.297555308618341
286,1747,208452.52,185635.132083154,12.29152223816401
287,1748,253725.27,206492.534215854,22.873820396708368
288,1749,147603.86,181681.021081956,18.75658861009144
289,1750,126438.234,180500.198072685,29.951193558200398
290,1751,257342.17,206486.17086841,24.629252793398756
291,1752,106942.52,161334.301195429,33.71370957998735
292,1753,149789.27,176156.558313965,14.968101637164374
293,1754,200125.7,191642.223478994,4.426727832729339
294,1755,179352.25,191945.808027777,6.560996646488137
295,1756,137931.98,164146.306037354,15.970095395499504
296,1757,126804.34,179883.057071096,29.507344485543996
297,1758,152066.11,178071.137668844,14.60373007904578
298,1759,155823.44,188241.637896875,17.22158857044942
299,1760,163124.67,174559.656173171,6.55076009477642
300,1761,147142.03,182347.363042264,19.30674028124235
301,1762,184277.08,191507.251872857,3.7754046790129787
302,1763,175708.69,199751.865597358,12.036522425188306
303,1764,124271.22,162106.416145131,23.33972849122629
304,1765,177623.39,164575.982314367,7.927893321463109
305,1766,195467.0,179176.352180931,9.091963097127254
306,1767,236561.67,177327.403857584,33.40389963921679
307,1768,134993.27,177818.083761781,24.083499962890425
308,1769,165713.64,186965.204048443,11.366587452249505
309,1770,143339.52,178762.742169197,19.815777110125836
310,1771,122175.09,183322.866146283,33.35523477332607
311,1772,138512.42,178903.295931891,22.576931211076143
312,1773,129947.64,186570.129421778,30.349171634421644
313,1774,136470.3,199144.242829024,31.4716333566484
314,1775,145466.19,172154.713310956,15.502640211046447
315,1776,139655.14,177444.019201603,21.296225562648672
316,1777,119044.87,166200.938073485,28.372927031937184
317,1778,138765.08,158995.770555632,12.72404439434656
318,1779,123578.72,168273.282454755,26.56070117178132
319,1780,155818.1,189680.453052788,17.852318864592828
320,1781,125070.25,181681.021081956,31.159430272256657
321,1782,98423.31,160277.142643643,38.59179738508789
322,1783,141148.03,197318.54715833,28.466921491803976
323,1784,114800.17,162228.935604196,29.235699262005934
324,1785,118001.39,187340.455456083,37.01232852363685
325,1786,184705.86,181065.347037275,2.0106068871232132
326,1787,152446.16,190233.609102705,19.863710219735136
327,1788,62872.195,157929.594852031,60.18973177800725
328,1789,85663.65,168557.001935469,49.17823202011163
329,1790,96639.28,160805.584645628,39.90303168701085
330,1791,190724.06,221648.391978216,13.95197556012737
331,1792,159539.2,180539.88079815,11.632154391765386
332,1793,103597.94,182105.616283853,43.11106949138842
333,1794,144462.83,166380.852603154,13.173405554323086
334,1795,132472.27,178942.155617426,25.969224430143505
335,1796,142374.52,162804.747800461,12.54891669406409
336,1797,102574.23,183077.684392615,43.97229410957218
337,1798,122460.516,171728.4720292,28.689451330949176
338,1799,139465.7,164786.741540638,15.365943994586234
339,1800,119546.84,177427.267170302,32.6220565437363
340,1801,127262.58,197318.54715833,35.50399597110176
341,1802,123817.41,178658.114178223,30.695895442798566
342,1803,148739.31,185437.320523764,19.78997966542615
343,1804,132900.28,169759.652489529,21.71268066291696
344,1805,139311.56,173986.635055186,19.929733421298465
345,1806,115553.69,168607.664289468,31.465934252184518
346,1807,124955.5,194138.519145183,35.63590546059833
347,1808,127875.44,192502.440921994,33.57204361277799
348,1809,105166.125,176746.969818601,40.499050644017196
349,1810,138346.67,177604.891703134,22.10424468136496
350,1811,99491.586,193283.746584832,48.525632550363845
351,1812,100341.92,181627.061006609,44.753870200350384
352,1813,146799.58,169071.62025834,13.173140530213475
353,1814,114018.14,167398.006470987,31.887993752923613
354,1815,70428.03,150106.505141704,53.081293056876966
355,1816,105271.734,159650.304285848,34.06104996423005
356,1817,103732.54,179471.23597476,42.201022632346245
357,1818,154604.33,177109.589956218,12.706969643361132
358,1819,121888.336,166558.113328453,26.819334404241296
359,1820,56602.7,153796.714319583,63.196418422091895
360,1821,88381.516,174520.152570658,49.357415563101256
361,1822,151073.73,196297.95829524,23.038560519422706
362,1823,56664.125,169100.681601175,66.49089497247404
363,1824,113752.59,176911.319164431,35.700782580072136
364,1825,145909.7,169234.6454828,13.78260479186019
365,1826,100837.06,172386.297919134,41.505175459303366
366,1827,100112.94,156031.904802362,35.83816231250386
367,1828,125039.03,168202.892306596,25.661782900806493
368,1829,114423.414,166505.984017547,31.279698602038437
369,1830,126037.875,176507.37022149,28.59342086291266
370,1831,147368.67,180116.752553161,18.18158511851666
371,1832,148289.64,183072.740591406,18.99960630623718
372,1833,126389.32,189595.964677698,33.337547279893634
373,1834,120542.41,167523.919076265,28.044659583731892
374,1835,116806.95,210817.775863413,44.593404115657584
375,1836,131739.52,172942.930813351,23.82486233728736
376,1837,77493.766,145286.278144089,46.66133194757399
377,1838,131285.2,176468.653371492,25.60423587036407
378,1839,104865.516,159040.069562187,34.06346217423148
379,1840,138782.17,178518.204332507,22.25881254300256
380,1841,128276.945,169163.980786825,24.170059893453047
381,1842,111871.2,189786.685274579,41.05424046837253
382,1843,131581.27,181246.728523853,27.402129298194076
383,1844,144127.78,176349.927153587,18.271709222496035
384,1845,134480.17,205266.631009142,34.48512736148983
385,1846,150522.4,187397.993362224,19.677685150527036
386,1847,189528.78,208943.427726113,9.291819650609968
387,1848,67763.016,165014.532907657,58.935122603461515
388,1849,98309.9,182492.037566236,46.129212129697365
389,1850,127325.39,161718.71259042,21.267373091527702
390,1851,153062.48,180084.118941162,15.005006951773831
391,1852,123695.37,178534.950802179,30.716441440893313
392,1853,126985.11,151217.259961305,16.024725347163262
393,1854,158513.23,156342.717587562,1.388306932954766
394,1855,165152.0,188511.443835239,12.391525607143201
395,1856,234284.2,183570.337896789,27.626394225370166
396,1857,148101.27,225810.160292177,34.41337385644164
397,1858,148137.55,214217.401131694,30.84709921210846
398,1859,117206.05,187665.64101603,37.5452820023733
399,1860,165795.73,161157.177744039,2.878281126471613
400,1861,124681.2,187643.992594193,33.55438594048627
401,1862,339138.1,228156.372839158,48.64283190068073
402,1863,317197.4,220449.534665317,43.886629986116354
403,1864,317237.72,220522.352084222,43.85739846854184
404,1865,371395.88,156647.763531624,137.08980366325034
405,1866,354226.9,187388.833374873,89.0330922448116
406,1867,219261.34,178640.723791573,22.738723341616467
407,1868,304782.3,180847.216739049,68.53027544227093
408,1869,203346.42,159505.170529478,27.485786949721323
409,1870,226337.08,164305.538020654,37.75377315434635
410,1871,254663.23,180181.19673723,41.33729766840877
411,1872,172642.7,184602.734989972,6.478794512779939
412,1873,257893.5,193440.372174434,33.31937749139859
413,1874,141585.31,184199.788209911,23.134921122356694
414,1875,186876.16,196241.892907637,4.772547043278402
415,1876,203724.83,175588.618271096,16.02393716115685
416,1877,216916.89,179503.046546829,20.843013418388104
417,1878,197176.14,183658.076582555,7.360451712216746
418,1879,121626.336,193700.976276404,37.20922925863636
419,1880,133957.66,165399.62450704,19.00969748314133
420,1881,258401.88,186847.944787446,38.29527281873618
421,1882,245286.77,198127.73287817,23.802338048166323
422,1883,194935.7,183320.898107934,6.335777937454548
423,1884,210167.89,181613.606696657,15.722546590926004
424,1885,221488.03,178298.791761954,24.222956903548614
425,1886,298832.56,185733.534000593,60.893165635369805
426,1887,207951.16,180008.188485489,15.523164806896311
427,1888,267427.6,175127.59621604,52.7044278162177
428,1889,172664.69,183467.176862723,5.887968380745193
429,1890,124324.52,182705.546021743,31.95361271479703
430,1891,142040.73,152324.943593181,6.751493862782815
431,1892,108605.89,169878.515981342,36.06849577322165
432,1893,145956.42,183735.975076576,20.561870469749074
433,1894,142549.77,224118.280105941,36.395297359226326
434,1895,143058.42,169355.202465146,15.527589473112277
435,1896,128062.41,180054.276407441,28.87566526872692
436,1897,133287.77,174081.601977368,23.433743651825726
437,1898,124669.875,168494.985022146,26.009741486600255
438,1899,179805.83,181871.598843299,1.1358401924419605
439,1900,169068.47,173554.489658383,2.5847910458629433
440,1901,193861.27,169805.382165577,14.166737916449632
441,1902,162848.5,176192.990728755,7.57379205243103
442,1903,217038.02,204264.39284654,6.2534750185543055
443,1904,154960.47,169630.906956928,8.648446483076963
444,1905,205368.2,185724.838807268,10.576595162974659
445,1906,122025.16,195699.036281861,37.64652163424562
446,1907,225129.73,189494.276162169,18.80555916229059
447,1908,116286.53,149607.905673439,22.272469007200865
448,1909,133157.39,154650.199045978,13.897692051846706
449,1910,130898.484,151579.558140433,13.643708966530117
450,1911,227945.56,185147.380531144,23.115737228405898
451,1912,304666.97,196314.53120359,55.193284410537075
452,1913,110178.81,210802.395364155,47.73360506190202
453,1914,101560.64,166271.2863726,38.91871360313463
454,1915,381193.75,154865.359142973,146.145265868062
455,1916,95910.125,173575.5052865,44.74443566118802
456,1917,221168.14,179399.563554274,23.282429590799804
457,1918,148123.64,164280.776562049,9.835073996589268
458,1919,168325.14,171247.48948121,1.7065061012358154
459,1920,142748.69,166878.587182445,14.459554152423555
460,1921,416040.75,188129.459710994,121.14598672590947
461,1922,340170.72,183517.34369691,85.3616186336113
462,1923,231512.39,175522.026925727,31.899337467750186
463,1924,226772.08,190060.105331152,19.31598045254302
464,1925,194686.25,174179.824771856,11.773134606722516
465,1926,407658.6,171059.523675194,138.31388337316884
466,1927,140886.36,183004.186769318,23.014679684573956
467,1928,150020.45,183601.647387418,18.290246705443927
468,1929,139444.86,163539.327185998,14.733133751733408
469,1930,137442.73,164677.676391525,16.538332707448024
470,1931,129792.41,162395.073865424,20.076143222448774
471,1932,126508.6,182207.6323195,30.568988822231155
472,1933,209694.45,192223.939790304,9.088625149268344
473,1934,173246.45,176391.829390125,1.7831757151111494
474,1935,171938.3,181913.179121348,5.483320281975881
475,1936,206127.3,179136.097888261,15.067425998960411
476,1937,186830.42,196595.568243212,4.967124363724906
477,1938,161968.38,194822.365690957,16.86356213488992
478,1939,239470.89,148356.669440918,61.415655613897165
479,1940,197469.02,160387.604263899,23.119873590784408
480,1941,177562.55,181276.500571809,2.048778349699995
481,1942,181750.3,192474.817899346,5.5719086483065805
482,1943,224290.77,157699.907796437,42.22631373667012
483,1944,419927.03,215785.540813051,94.60387830795857
484,1945,438832.03,181824.300998793,141.34949445119167
485,1946,178518.6,221813.00948166,19.51842943424817
486,1947,341487.16,165281.292597397,106.6096839415558
487,1948,152061.48,255629.49047034,40.51488969632661
488,1949,229146.48,173154.590990955,32.336360857431615
489,1950,159504.62,183884.65246539,13.25832642285289
490,1951,237646.16,200210.353608489,18.698235114611823
491,1952,197882.58,186599.221265342,6.046840272507459
492,1953,165332.23,192718.532696106,14.210516206187036
493,1954,184219.2,178628.665952764,3.1296976565420684
494,1955,122140.8,180650.342418406,32.38828377523441
495,1956,268281.47,206003.107947263,30.23175787167266
496,1957,149413.02,166457.67844853,10.239637475660423
497,1958,269228.62,202916.221653487,32.67969549509569
498,1959,136345.16,192463.969983091,29.15808799850764
499,1960,120843.66,171775.497189898,29.650236368457595
500,1961,125889.234,175249.222149411,28.16559592619961
501,1962,100679.57,147086.59893993,31.55082037513328
502,1963,108858.234,149709.672100371,27.287106539103675
503,1964,113868.734,171411.404533743,33.569919291697715
504,1965,157043.42,178188.964799425,11.866920574024933
505,1966,132172.5,156491.711373235,15.540255237693284
506,1967,311159.6,180953.241201168,71.9558001197005
507,1968,459192.03,203909.759061135,125.19374911934833
508,1969,410782.22,175470.149087545,134.10376117310636
509,1970,441399.94,205578.333622415,114.71131209318864
510,1971,461674.66,199428.857699441,131.49842082823807
511,1972,380261.4,187599.163869476,102.69888117122456
512,1973,277432.84,192265.198109864,44.29696402542367
513,1974,347562.03,196666.554897677,76.72655700448503
514,1975,624820.06,155537.862252682,301.71573239507217
515,1976,274999.75,169543.240620935,62.20036198013038
516,1977,384901.25,202487.010170501,90.08688491963015
517,1978,381834.9,208232.716273485,83.36931539062883
518,1979,331856.28,173621.195202569,91.1381158635692
519,1980,210000.83,172414.608571812,21.79990423348209
520,1981,367131.34,164400.75641556,123.31487503743153
521,1982,216596.38,160480.424024781,34.96747426748679
522,1983,197235.48,156060.853810389,26.383701972204634
523,1984,169187.95,157437.192820581,7.4637765663228235
524,1985,238531.8,158163.720929772,50.813217767501236
525,1986,207284.66,154849.043268978,33.86240681509381
526,1987,170661.5,152186.609341561,12.139629589206992
527,1988,179287.02,180340.215399228,0.5840071621831476
528,1989,190350.48,178344.62451356,6.7318316401104425
529,1990,212408.52,190170.382266827,11.693794319123162
530,1991,239032.12,168092.975480832,42.202328393703354
531,1992,213854.83,178757.912566805,19.633768963977282
532,1993,169573.33,174518.256882082,2.833473612117944
533,1994,230197.17,198168.490116289,16.162348383396353
534,1995,183860.61,176882.693978902,3.9449395749989495
535,1996,237578.62,183801.672896251,29.258140721115215
536,1997,299890.6,196400.046680661,52.69374871260121
537,1998,340123.03,172281.605004025,97.42272034327385
538,1999,305079.16,196380.366297173,55.351149405810936
539,2000,320712.44,198228.354306682,61.789386095503296
540,2001,284188.2,195556.581268962,45.322742735585585
541,2002,241098.55,186453.264469043,29.307763831096562
542,2003,257721.19,181869.381196234,41.70674898922276
543,2004,288030.84,175610.840124147,64.01655133952913
544,2005,207077.83,183438.730800145,12.886644615203766
545,2006,226451.8,179584.488673295,26.097637133331308
546,2007,249821.38,182386.152242034,36.97387215476571
547,2008,211595.5,160750.367237054,31.629870361643494
548,2009,215529.8,182477.505046008,18.113077456127275
549,2010,194524.89,187720.359207171,3.6248233524417195
550,2011,140603.52,187201.942081511,24.892063585655123
551,2012,174823.75,176385.102235149,0.8851950733727402
552,2013,185700.14,175901.787841278,5.5703542891578595
553,2014,199166.2,182584.280198283,9.081791109677871
554,2015,215870.23,195664.686104237,10.326619827554808
555,2016,203322.7,181420.346494222,12.072712379851813
556,2017,204363.3,176676.04995228,15.671194216872227
557,2018,122546.16,181594.678867334,32.51665907043045
558,2019,137370.58,178521.747964951,23.0510681802366
559,2020,93088.87,175895.883726231,47.077290715690665
560,2021,115274.22,168468.005916477,31.575008487278822
561,2022,197544.44,200973.129447888,1.7060449609892028
562,2023,147034.73,197030.641992202,25.37468645063884
563,2024,287541.34,192867.417844592,49.08756852943092
564,2025,359788.03,196449.247639381,83.145537879818
565,2026,180124.83,141684.196398607,27.131206375512853
566,2027,165845.7,153353.334123901,8.146134593334537
567,2028,151436.58,151143.549016705,0.19387470401573453
568,2029,174379.58,163753.087114229,6.489337818320507
569,2030,263152.4,158682.460013921,65.83584992753075
570,2031,216860.55,144959.835250915,49.600436906975
571,2032,239410.08,160144.390548579,49.496387169662476
572,2033,253857.33,156286.534303521,62.430710525571364
573,2034,169109.08,165726.707619571,2.04093266197823
574,2035,214820.6,182427.481047359,17.75670667416144
575,2036,195132.42,173310.56154032,12.59118898510016
576,2037,197511.17,173310.56154032,13.963725072259853
577,2038,277170.16,151556.01403002,82.88298093871654
578,2039,227666.05,158908.146068683,43.26895914863834
579,2040,276100.03,209834.383092536,31.5799761606472
580,2041,296189.53,192410.516550815,53.936248683048106
581,2042,206318.95,174026.247294886,18.556227196805704
582,2043,195132.14,195499.830115336,0.18807662907894776
583,2044,175976.83,200918.018812493,12.413615680119467
584,2045,203247.2,207243.616023976,1.9283647794070828
585,2046,159936.36,196149.783851876,18.46212815825627
586,2047,142274.86,192097.914850217,25.936281252227616
587,2048,123311.66,178570.948923671,30.9452870171459
588,2049,145616.5,228617.968325428,36.30575012690119
589,2050,172248.02,199929.884438451,13.845788432880802
590,2051,106151.125,160206.365612859,33.74100673595222
591,2052,120179.2,179854.431885567,33.17973771062565
592,2053,150112.88,185987.340461822,19.288659847892184
593,2054,119740.81,161122.505607926,25.683372382889715
594,2055,133981.78,175949.342720138,23.85207061380779
595,2056,144085.95,183683.590595324,21.557525820345127
596,2057,109434.445,176401.34762338,37.96280652790449
597,2058,218450.5,205832.532527897,6.130210476029993
598,2059,136744.39,177799.799849436,23.090807334542813
599,2060,170958.48,167565.362080406,2.0249544729690765
600,2061,171228.55,186348.958436557,8.114030627493305
601,2062,133680.27,179782.759465081,25.643445443407735
602,2063,116588.91,169837.623333323,31.352721522025284
603,2064,148145.02,178817.275675758,17.152850548050367
604,2065,108077.52,174444.479149339,38.04474411312459
605,2066,160171.67,192834.968917174,16.93847190973099
606,2067,97835.25,196564.717984981,50.22746146769059
607,2068,140229.56,206977.567039357,32.24890769281523
608,2069,85315.414,157054.253944128,45.677743887885434
609,2070,113776.016,175142.948078577,35.03819772751857
610,2071,99873.16,159932.1643654,37.55280143535235
611,2072,130840.055,182801.408333628,28.425029172255687
612,2073,142033.5,181510.375176825,21.749101195106427
613,2074,181846.11,181613.035129451,0.1283356370223531
614,2075,137050.67,186920.512597635,26.679704666755754
615,2076,115246.76,157950.170625222,27.036002964534298
616,2077,154099.94,176115.159022876,12.50046937754881
617,2078,135755.11,182744.514344465,25.713168539161796
618,2079,115470.69,180660.683691591,36.08421869081265
619,2080,120910.14,160775.629777099,24.795728809999957
620,2081,136119.64,186711.715848082,27.09635814404183
621,2082,134934.45,223581.758190888,39.648719905943025
622,2083,140126.3,172330.943236652,18.687674863722673
623,2084,121697.19,163474.633393212,25.555919610306173
624,2085,128808.41,175308.263299874,26.52462363986434
625,2086,96676.11,187462.725306432,48.42915613385517
626,2087,112139.66,180655.101535034,37.926105990285
627,2088,87101.36,152121.98603454,42.74242557205161
628,2089,90144.39,159856.233909727,43.60908647709931
629,2090,126358.336,186559.854936737,32.26927841450752
630,2091,105249.03,183962.550959411,42.78779528708434
631,2092,120792.195,162107.168699296,25.486209967329724
632,2093,99097.64,162582.288981283,39.047702399854614
633,2094,84773.16,154407.701597409,45.09784461980327
634,2095,169686.56,181625.666399474,6.573467360727918
635,2096,85054.22,164810.609473548,48.392752734980235
636,2097,111092.11,176429.401241704,37.03310865811617
637,2098,143387.67,179188.089925259,19.97923972803755
638,2099,70653.33,145997.635377703,51.606525720628014
639,2100,49383.336,218676.768270367,77.41720058875045
640,2101,101011.05,188323.861214226,46.363118181771
641,2102,116354.266,168690.0722914,31.024829117384954
642,2103,105691.766,165088.746797705,35.9788188624924
643,2104,147052.55,191435.007885166,23.184088166773144
644,2105,118588.586,168864.404664512,29.772893125046977
645,2106,55190.746,176041.882371574,68.64908205352057
646,2107,186949.75,215911.674390325,13.413783424219874
647,2108,99342.78,167388.238629016,40.651277494965306
648,2109,109232.695,163854.786753017,33.33567027422301
649,2110,119599.15,163299.477980171,26.760850728486357
650,2111,141128.1,178298.214633119,20.847163814625564
651,2112,145114.48,176376.586164775,17.724632543102548
652,2113,138488.86,170211.043976522,18.636971996892036
653,2114,135721.0,170818.344786366,20.546589905352675
654,2115,161826.19,174388.867432503,7.203831366910719
655,2116,108903.69,161112.987374671,32.405394950102554
656,2117,145527.23,172179.082325307,15.479143918279382
657,2118,112976.8,157798.309713876,28.40430478637415
658,2119,123387.516,169106.151422924,27.035465838013504
659,2120,107368.33,170129.531364292,36.8902463528826
660,2121,109271.21,157680.227412949,30.70075257354275
661,2122,130027.09,162690.209131977,20.076878354419065
662,2123,102150.55,146968.379365095,30.494881064694678
663,2124,160062.92,181507.721372455,11.81481390174589
664,2125,119524.17,191215.589752983,37.49245444401042
665,2126,161598.72,189432.689844522,14.693330447541504
666,2127,136409.97,207271.484957719,34.187778517712616
667,2128,129938.79,170030.807488363,23.579267203448953
668,2129,76179.125,148409.806476335,48.669749790323124
669,2130,134380.4,193850.613979055,30.67836954877047
670,2131,150921.2,193808.319298263,22.128624988105642
671,2132,101824.484,166300.235380627,38.770691369170514
672,2133,118673.92,163474.633393212,27.40529866211785
673,2134,116720.47,177473.606564978,34.23221006822476
674,2135,99240.77,157443.925537187,36.96754377858794
675,2136,93133.65,180681.007992057,48.4541018048813
676,2137,92533.055,183463.17030026,49.563144179805526
677,2138,138201.92,182481.763081195,24.265351484187907
678,2139,144662.64,193717.15117887,25.322750337462477
679,2140,139819.62,182782.55099007,23.504938385723726
680,2141,139305.6,175530.651633287,20.637454225924724
681,2142,139307.61,177804.057884623,21.651051706931987
682,2143,166585.11,159448.670848577,4.475696466106163
683,2144,115079.31,181338.976717529,36.5391188463258
684,2145,135631.39,178553.558537021,24.03881964812344
685,2146,177978.14,162820.928264556,9.309130295471693
686,2147,156903.05,188832.479997186,16.908867120032426
687,2148,126708.81,164682.185899437,23.058579889524538
688,2149,144260.36,181549.735943801,20.53948267947026
689,2150,225613.08,199158.097008868,13.283407259587353
690,2151,112499.25,152889.520990566,26.417945931728227
691,2152,162213.67,181150.551679116,10.45366940844881
692,2153,196066.16,181416.732376013,8.075012531712837
693,2154,101373.07,164391.238182305,38.33426195130894
694,2155,136972.08,185421.046498812,26.12916348421236
695,2156,278534.34,193981.327550004,43.58822432442634
696,2157,247870.86,178824.324789223,38.611377208979206
697,2158,247572.8,209270.051606246,18.303022804630867
698,2159,219369.64,177801.266806344,23.379121288225164
699,2160,170731.67,179053.762236101,4.647816531287099
700,2161,232325.42,178762.170601992,29.96341513007514
701,2162,410349.53,184655.300458183,122.22461539517394
702,2163,352465.3,191284.655779772,84.26219869187884
703,2164,240650.69,179598.085818785,33.99401580639186
704,2165,216999.08,167517.628078595,29.53805555507839
705,2166,143731.48,182873.903794044,21.404048695283997
706,2167,235572.83,177484.91371363,32.72836727131311
707,2168,200740.17,188444.597319524,6.524768940246022
708,2169,201535.95,179184.153848562,12.474205333652815
709,2170,223913.52,184365.175780982,21.45109003177462
710,2171,157620.98,184479.322005212,14.55899628114048
711,2172,131310.78,182927.863869391,28.2171789073343
712,2173,165590.48,178611.639373646,7.290205187247871
713,2174,233267.44,181943.343613558,28.208832962558258
714,2175,301654.0,175080.614768394,72.2943458926301
715,2176,327001.56,190720.794649138,71.4556417938446
716,2177,249948.42,198422.868144723,25.96754810171173
717,2178,200168.8,184482.11308349,8.503091995921997
718,2179,141758.42,139214.952187861,1.8270089865826817
719,2180,216514.06,169233.113601757,27.93835549791132
720,2181,196198.89,180664.118686848,8.598703522905405
721,2182,230847.61,178818.742632666,29.095868797832356
722,2183,191957.95,180422.049969947,6.393843300735441
723,2184,126560.42,178601.93645581,29.138270062198462
724,2185,111919.21,183083.159775993,38.86974035490973
725,2186,130835.336,173163.101499699,24.44387123793378
726,2187,152717.3,185968.161159774,17.879869369793155
727,2188,154042.73,171226.050683054,10.035456777462546
728,2189,276108.12,281643.976116786,1.9655492700793735
729,2190,74429.36,160031.711281258,53.49086829160419
730,2191,87877.49,162775.979779394,46.01323100214291
731,2192,133702.95,160735.445970193,16.81800344785551
732,2193,90848.0,166646.109048572,45.484475744032686
733,2194,103557.0,188384.548444549,45.028931058811324
734,2195,130064.83,165830.697255197,21.567701108532926
735,2196,111897.11,182138.358533039,38.564775549625686
736,2197,124847.875,171595.397975647,27.24287686449578
737,2198,137456.42,160337.079183809,14.27034683760131
738,2199,155452.17,191215.088671543,18.70297843386943
739,2200,165421.08,166956.093232213,0.9194124500014507
740,2201,141884.55,186581.830878692,23.955860971667914
741,2202,196828.55,176450.548582099,11.548843829986458
742,2203,139938.2,193743.194909801,27.77129375297565
743,2204,196665.22,198882.566078408,1.1149028153296439
744,2205,131473.92,176385.102235149,25.46200319133266
745,2206,120461.016,162447.639333636,25.84625044775419
746,2207,225925.47,193782.555676777,16.58710349905609
747,2208,265070.66,183653.890897141,44.331631067080444
748,2209,272283.78,210578.623546866,29.302669313630975
749,2210,122568.68,158527.164107319,22.68285351744259
750,2211,111794.18,163081.025723456,31.448689881878387
751,2212,123969.734,174388.867432503,28.91189890720385
752,2213,115704.64,191905.870131966,39.707607409072715
753,2214,115297.7,174388.867432503,33.88471132216864
754,2215,111957.47,161642.711648983,30.73769450668307
755,2216,132332.77,186939.507215101,29.210915554232223
756,2217,60239.68,172482.165792649,65.07483576016915
757,2218,68491.17,159695.999763546,57.11152942064203
758,2219,77681.74,157230.369671007,50.59367833959601
759,2220,66329.95,179188.089925259,62.98305699186434
760,2221,383575.66,157972.82120994,142.8111704989064
761,2222,314853.1,156804.951429181,100.79282629809012
762,2223,286302.1,211491.972463654,35.37255831268135
763,2224,203476.81,186537.246201062,9.081063778908497
764,2225,132223.28,200468.161070551,34.042752453110744
765,2226,205870.05,182241.340444154,12.965612727199396
766,2227,184196.14,157342.225898399,17.067201492332682
767,2228,283725.84,182022.387105998,55.87414727441
768,2229,264083.66,181244.510876788,45.705740257991565
769,2230,164218.53,178556.671573788,8.030022175823765
770,2231,227361.58,189547.199876284,19.949847992160876
771,2232,168391.81,187948.65165563,10.405416044943559
772,2233,158707.06,194107.287565956,18.237452859119117
773,2234,233079.95,183521.710369283,27.004021843516888
774,2235,238574.38,183682.123638416,29.884373217309438
775,2236,268981.56,178483.353073443,50.70400564993783
776,2237,332337.78,184003.879764736,80.61455099475133
777,2238,218356.16,171318.59033449,27.456194814393335
778,2239,119161.41,162039.754313997,26.461622486114297
779,2240,162202.14,154846.252190699,4.75044654309228
780,2241,169733.84,194822.365690957,12.877639511242998
781,2242,118668.734,169788.738771463,30.108006435733603
782,2243,127775.08,178891.554489941,28.57400200399916
783,2244,108084.71,152084.772428865,28.931273518488027
784,2245,110925.27,139169.86642879,20.295049291968752
785,2246,150066.98,192439.536044606,22.018631171395246
786,2247,109144.14,161067.859766557,32.23716961087855
787,2248,133140.89,158762.648504781,16.138404165643177
788,2249,123907.4,175569.690441774,29.425518649762218
789,2250,141596.52,183659.795012187,22.902823878462804
790,2251,136732.86,280618.132617258,51.27440336811972
791,2252,189386.08,180051.809151659,5.184212820365878
792,2253,157554.5,176519.18031559,10.74369384770764
793,2254,190308.12,179028.429210291,6.300505366362564
794,2255,181354.77,177161.583857224,2.3668685256027726
795,2256,167512.66,180081.508849842,6.979535367133301
796,2257,237107.83,205895.254584712,15.159442894030434
797,2258,154368.92,183389.78131415,15.824687303289128
798,2259,186525.8,178543.647859512,4.4706989641932156
799,2260,144925.2,194798.320499104,25.6024370468499
800,2261,201650.05,162845.613675766,23.82897047291406
801,2262,238472.33,148103.867006579,61.01694908101669
802,2263,420220.4,201016.171121215,109.04806011681636
803,2264,503971.66,277936.12694354,81.32642984996941
804,2265,154485.33,249768.279823405,38.14853982490227
805,2266,341200.12,161596.052159825,111.14384939462465
806,2267,424162.03,158011.114889899,168.43809788036302
807,2268,406017.66,194089.683858004,109.1907453190776
808,2269,144220.89,181733.336941451,20.641477754043766
809,2270,191756.11,182852.32772198,4.869383815861435
810,2271,213852.06,189893.003058465,12.617136521959369
811,2272,216405.8,194650.210979875,11.176759473111654
812,2273,152444.86,187904.461286262,18.87108037165827
813,2274,191277.33,171774.925622692,11.353462929243534
814,2275,176405.81,177998.685921479,0.8948793151100316
815,2276,196134.58,175648.484325498,11.663120167629106
816,2277,191894.47,196918.071362067,2.5511130478371764
817,2278,143240.11,184299.838071218,22.27876547582831
818,2279,128326.83,182379.855682734,29.63760847127988
819,2280,102857.516,184050.725802482,44.11458298980914
820,2281,172857.42,158296.975970284,9.198183234687528
821,2282,182808.2,175053.355553278,4.42999081463582
822,2283,112788.14,162293.376090644,30.503546514427274
823,2284,114180.734,186328.880047186,38.72086047740703
824,2285,140061.77,151422.116936538,7.502438574610068
825,2286,127518.83,181969.358707768,29.922911730547074
826,2287,397432.22,189122.67702416,110.14519517362211
827,2288,285274.7,185645.475220346,53.666383283191934
828,2289,406202.2,182829.898109257,122.17492417857082
829,2290,485858.16,195848.788183328,148.07820398418968
830,2291,345638.66,198785.059550672,73.87557044340838
831,2292,439528.16,181676.126555428,141.9295064153095
832,2293,521617.0,194131.012663328,168.69328750920135
833,2294,429299.66,201416.004864508,113.14078617475742
834,2295,486932.16,185096.577205616,163.06923855706287
835,2296,295234.03,195158.972598372,51.27873820978643
836,2297,398323.9,184795.783735112,115.54815710566277
837,2298,379811.6,189168.263864671,100.77976399979717
838,2299,369676.78,216855.260149095,70.47166898134509
839,2300,348874.03,184946.642483576,88.63496334137638
840,2301,329917.03,189317.51282069,74.26651466865471
841,2302,261103.3,180803.277842406,44.41292214988828
842,2303,240067.5,175061.18585763,37.13348211592544
843,2304,256826.05,179074.839090732,43.4182759448823
844,2305,210016.72,145708.764336107,44.13458223113715
845,2306,188966.27,142398.022752011,32.702871832770136
846,2307,199492.95,161474.534863641,23.544528735422023
847,2308,274610.9,157025.945155458,74.88250491224947
848,2309,287408.7,163424.037827357,75.8668377803893
849,2310,215309.12,164692.778645345,30.733798270326073
850,2311,202311.94,152163.2443541,32.95716607435018
851,2312,186172.98,192383.215486656,3.2280524555879215
852,2313,176396.86,182520.230322476,3.354899857762213
853,2314,176348.17,187254.507549722,5.8243381253858635
854,2315,170604.75,176489.659740359,3.3344218290275616
855,2316,189411.84,181520.466841293,4.347375833716088
856,2317,201424.64,186414.978214721,8.05174699695548
857,2318,186354.48,185197.764639705,0.6245862295073273
858,2319,182787.97,178657.794083741,2.3117797280778545
859,2320,175785.36,179731.198023759,2.1954110873046067
860,2321,248144.05,161748.271317074,53.41372421134875
861,2322,185676.95,158608.749069322,17.0660220287391
862,2323,195248.11,178807.370559878,9.194665054154695
863,2324,182898.3,184187.158803897,0.6997566699366112
864,2325,203642.55,181686.10402108,12.084822321564285
865,2326,182703.94,190311.050228337,3.997199699759901
866,2327,208698.64,192252.496354076,8.554450310301695
867,2328,221958.38,193954.849525775,14.43816720370457
868,2329,192501.72,181044.201560887,6.328574508507363
869,2330,186984.17,180258.131219792,3.731338281215626
870,2331,361607.94,199641.657313834,81.12849911456965
871,2332,415296.22,197530.775205517,110.24380546166198
872,2333,331200.84,191777.196949138,72.70084713869247
873,2334,269977.84,195779.543033588,37.89890382146949
874,2335,277456.22,202112.046522999,37.27841735471583
875,2336,322471.0,192343.34807661,67.65383530266946
876,2337,186388.67,185191.359443218,0.6465271573046043
877,2338,244516.67,186760.207965688,30.92546562162918
878,2339,201204.7,177733.78193528,13.205661261552793
879,2340,406307.22,164430.391189608,147.09983100476785
880,2341,219758.42,185299.601552401,18.596273296817838
881,2342,231402.58,186414.012339254,24.13368245294325
882,2343,221510.88,176401.921054593,25.5716908725992
883,2344,216517.06,182381.322639642,18.71668620794306
884,2345,230557.27,176334.184710805,30.75018097206901
885,2346,224292.61,184901.735847457,21.30367967991403
886,2347,214577.17,180085.766885029,19.15276569968526
887,2348,251912.44,184901.735847457,36.24125070833651
888,2349,177344.39,183967.561548763,3.6001841128972374
889,2350,292324.72,193046.301574659,51.427256759408
890,2351,278428.22,168538.969495849,65.20109241373846
891,2352,252207.19,170157.842016969,48.21954986644027
892,2353,253649.73,196559.709259637,29.0446222831722
893,2354,129711.72,177133.709361852,26.77186108883289
894,2355,131952.55,181553.279576244,27.320207498875828
895,2356,151350.11,185770.606634739,18.528494837407926
896,2357,195320.62,177017.595099274,10.339667020366754
897,2358,198372.52,184123.358536806,7.738918734390579
898,2359,122741.28,165970.357492196,26.046263257719765
899,2360,118305.734,158151.985049452,25.194910239029
900,2361,145997.64,177086.476441481,17.555736858739998
901,2362,286973.47,196373.896176551,46.13626064229788
902,2363,129344.14,172465.707083115,25.002980121337266
903,2364,143657.95,168590.782409896,14.788963505891223
904,2365,211997.64,158820.474171061,33.48256371320449
905,2366,186473.75,151611.37057651,22.994567815675047
906,2367,218369.23,152125.028585543,43.545895376582635
907,2368,221850.12,158404.073081048,40.05329578014677
908,2369,214803.48,160692.078640755,33.6739721036387
909,2370,178055.45,170175.22684199,4.630654196410683
910,2371,181780.16,169854.436591138,7.021141100699531
911,2372,178676.4,183410.785819008,2.5812983396079714
912,2373,243895.23,180347.194026928,35.23650073456842
913,2374,304611.0,178930.528374292,70.23981473010912
914,2375,257845.45,153346.220086301,68.14594646016599
915,2376,335084.22,182675.204270589,83.4316923788157
916,2377,377881.4,180770.649792036,109.03913698641131
917,2378,189321.27,188714.148087543,0.3217127828568339
918,2379,210702.66,191393.608594076,10.088658549134875
919,2380,146386.23,174016.157494425,15.877791762130006
920,2381,174139.98,183189.685319552,4.940071232048845
921,2382,201202.19,183621.508757866,9.574411440719027
922,2383,208095.73,168991.29635758,23.139912445358313
923,2384,253853.89,185306.650665866,36.99124651642122
924,2385,168395.48,189030.680303208,10.91632104117112
925,2386,136963.2,179208.665698449,23.573336930332736
926,2387,143106.95,174901.452792889,18.17852233939916
927,2388,105539.11,168337.406544343,37.305016430083136
928,2389,127048.54,158234.96461859,19.70893451473373
929,2390,170324.62,179562.453368834,5.144632519504974
930,2391,135209.95,174176.391640607,22.37182556635447
931,2392,108442.59,173931.531845427,37.652136677337516
932,2393,192442.95,184111.729429665,4.525091215613034
933,2394,130809.586,179374.482001188,27.074584702280205
934,2395,218620.7,207348.811884535,5.436197650720996
935,2396,147484.89,186983.419339031,21.124080869659263
936,2397,227170.2,206779.094049527,9.86130109970837
937,2398,128857.83,177472.074683935,27.39261748391316
938,2399,51845.094,156727.948324862,66.92032639734637
939,2400,89127.93,157090.568462479,43.26334765999133
940,2401,119942.68,160387.032696693,25.216722529979766
941,2402,133011.3,172410.28005086,22.851875865080395
942,2403,142965.42,191603.365657467,25.384702202683627
943,2404,146243.27,182152.207151253,19.71370102391098
944,2405,157984.27,180161.697340702,12.309737332104767
945,2406,134317.58,169652.235284283,20.82769914588711
946,2407,116038.6,182503.520140218,36.418431012537624
947,2408,144635.48,179714.630677039,19.51936031578805
948,2409,122892.5,180282.570719908,31.833399363419772
949,2410,183399.84,192600.338060371,4.7769876226733725
950,2411,123979.76,166115.491248565,25.365324521730294
951,2412,151147.92,186379.553524443,18.903163455009835
952,2413,138606.73,184361.992258449,24.818161988240348
953,2414,188169.67,186220.965458121,1.0464484555135856
954,2415,128295.06,198176.47090687,35.262212555853665
955,2416,116317.06,168437.776500131,30.943601300798736
956,2417,136405.69,178003.582312015,23.369133515020952
957,2418,145202.64,179180.469244588,18.96290860428934
958,2419,119856.695,191930.561104806,37.55205287653444
959,2420,137914.64,175590.266214964,21.456557018849857
960,2421,144104.33,176713.19307219,18.45298835943098
961,2422,116077.74,180159.090947005,35.56931178030586
962,2423,114091.18,188090.100808026,39.34227309285827
963,2424,138967.42,186184.717727913,25.360457307734304
964,2425,215640.77,223055.588672278,3.324204110470489
965,2426,132013.88,158270.753116401,16.589848471303004
966,2427,118922.52,184733.12846644,35.624690371059046
967,2428,183335.52,199926.378957429,8.298486382310633
968,2429,130817.74,175075.785166001,25.27936284080463
969,2430,135713.98,180917.925148076,24.985882817348198
970,2431,118126.05,182067.760625207,35.119734284991466
971,2432,146098.61,178238.60191545,18.03200440031283
972,2433,153164.47,173454.944606532,11.697836520347828
973,2434,133480.06,176821.936262814,24.511593232637217
974,2435,166549.78,183642.191304235,9.307452678953533
975,2436,125131.08,177254.582741058,29.406012420114696
976,2437,126639.05,168715.950111702,24.939493396352916
977,2438,125269.914,180096.931198144,30.4430601737033
978,2439,92488.44,160620.728178758,42.418118415533655
979,2440,116865.875,175286.544392273,33.32866740845415
980,2441,81335.805,153494.783276297,47.010704239314656
981,2442,106728.92,156407.65915545,31.762343064718745
982,2443,116613.8,162162.525245786,28.088319605130003
983,2444,128935.3,166809.886827197,22.705242880137167
984,2445,107250.125,172929.156408918,37.98031099718643
985,2446,138206.3,193514.330894137,28.58084657791755
986,2447,157833.58,181612.141603756,13.093047231740933
987,2448,135840.9,191745.386377068,29.155580315831767
988,2449,113795.51,171369.325038261,33.59633774183724
989,2450,147334.08,184425.470567051,20.111859998516742
990,2451,126694.875,170563.252355189,25.719712041979253
991,2452,193584.89,184522.369240168,4.911340246794981
992,2453,101479.18,164968.947931153,38.48589024775098
993,2454,120931.35,157939.621592364,23.431910027859196
994,2455,117379.22,151520.381580069,22.532389685164258
995,2456,147909.92,176129.508722531,16.022066405685187
996,2457,170367.86,171112.978971478,0.43545475098192626
997,2458,130877.1,169762.081624282,22.905574489739333
998,2459,111685.3,162246.828936295,31.163340690712428
999,2460,120266.42,171339.303381589,29.80803615901532
1000,2461,145038.78,189034.753653813,23.27401261060419
1001,2462,143021.83,175758.873595981,18.626112469424456
1002,2463,123315.14,163351.721489893,24.50943308079565
1003,2464,186918.39,189806.546645026,1.521631403698319
1004,2465,159411.58,175370.990918319,9.100372136662145
1005,2466,139637.95,196895.599900301,29.080206365349795
1006,2467,108324.445,176905.917994834,38.76720092786082
1007,2468,98644.2,176866.557227858,44.2267635718627
1008,2469,99075.97,163590.677170026,39.43666566828464
1009,2470,186499.89,212693.502958393,12.315191563945875
1010,2471,209151.23,192686.931747717,8.544587055254762
1011,2472,144553.28,181578.684951827,20.390831507370958
1012,2473,102847.38,166475.457581812,38.22069372480498
1013,2474,73276.78,185998.255166219,60.60351147675253
1014,2475,209536.3,185527.714877908,12.940698381851766
1015,2476,104424.06,159027.118197683,34.3356883508429
1016,2477,128407.2,181169.654933769,29.12322807484377
1017,2478,161173.33,176732.915304722,8.804012061304054
1018,2479,114895.336,191619.294648838,40.03978766957812
1019,2480,144748.28,189114.303789324,23.459897876761552
1020,2481,133340.86,180934.635330334,26.304403172140926
1021,2482,132849.94,164573.372223048,19.276164967959033
1022,2483,125458.92,173902.011270196,27.856543487544105
1023,2484,123698.52,165625.127741229,25.314156659389685
1024,2485,130529.62,179555.219570787,27.303913804610612
1025,2486,173812.17,196899.720661579,11.72553658735792
1026,2487,207754.19,207566.12470446,0.09060379953991443
1027,2488,151516.3,163899.981149274,7.555634959466782
1028,2489,152773.73,189179.428177786,19.24400245494603
1029,2490,143275.39,193892.880023125,26.10590414258018
1030,2491,80888.5,178980.874331431,54.80606500434606
1031,2492,181606.78,179749.876244365,1.0330493930969855
1032,2493,161874.3,197999.674975598,18.24517040497677
1033,2494,141784.95,203717.470295797,30.40118114606038
1034,2495,88360.38,185249.261156892,52.30189731355231
1035,2496,255019.14,201691.208274848,26.440385184009173
1036,2497,147826.89,181956.548314794,18.75703732890556
1037,2498,122238.96,171895.936275806,28.887812250914223
1038,2499,95731.34,187245.168439419,48.87379762700112
1039,2500,154207.14,157816.77461318,2.287230870753417
1040,2501,137397.3,191702.912573325,28.32800762875916
1041,2502,124526.42,198599.420028908,37.297691072373716
1042,2503,102042.8,187193.313676329,45.48801190012615
1043,2504,210789.53,220514.993999535,4.410340799571897
1044,2505,275809.88,181814.527595192,51.69848012040468
1045,2506,251637.33,183750.755371907,36.94492173144663
1046,2507,294247.6,183000.431679579,60.79065554621589
1047,2508,253601.27,185830.971906573,36.468782906919685
1048,2509,217224.83,185497.872344187,17.103676381766995
1049,2510,207861.3,179613.437681321,15.727029980795615
1050,2511,177861.44,164454.967963631,8.152061140125495
1051,2512,224873.62,185127.237217638,21.469767701246266
1052,2513,211929.53,178750.613844623,18.561568372692363
1053,2514,268292.53,160927.61044889,66.71628349021482
1054,2515,163801.64,192562.808057836,14.935992948439772
1055,2516,173637.4,180990.24148554,4.062558939746729
1056,2517,156034.95,180064.941503122,13.345178788012642
1057,2518,146602.22,196070.997393789,25.230033661957613
1058,2519,255234.89,180352.919019023,41.51968929212548
1059,2520,205310.22,183367.953769362,11.966248479947977
1060,2521,189111.08,176734.841494027,7.002714646614415
1061,2522,227072.98,180848.220765939,25.559976986938082
1062,2523,117511.07,187806.059368823,37.42956393024261
1063,2524,121509.85,180521.52640004,32.68955011313649
1064,2525,131818.9,181502.754496154,27.37360564255612
1065,2526,144310.23,174525.87942676,17.312988280594812
1066,2527,127299.7,188927.984063168,32.61998546364768
1067,2528,177597.45,184728.870431253,3.860477947818639
1068,2529,136960.83,179857.975518011,23.850567243105253
1069,2530,133744.23,180962.868071609,26.09299587245935
1070,2531,266858.7,179194.066390078,48.92160933447962
1071,2532,230777.8,179591.789259484,28.5013072293409
1072,2533,199691.78,180638.463702549,10.54776328192507
1073,2534,229125.69,185846.215131922,23.287787882769777
1074,2535,312649.97,195174.031139141,60.19035264333375
1075,2536,235303.58,192474.56829063,22.251776021494777
1076,2537,249967.38,164200.595496827,52.23292841518978
1077,2538,175392.25,178403.094096818,1.6876636092331703
1078,2539,180750.9,170774.84018302,5.8416486036752415
1079,2540,175873.38,179879.945898337,2.227358296294684
1080,2541,180078.64,177668.192752792,1.356713227539776
1081,2542,174167.77,180174.328610725,3.3337507246675857
1082,2543,115270.125,170643.303572141,32.44966395574468
1083,2544,115143.08,165448.004289838,30.405278311312806
1084,2545,121785.05,195531.754886222,37.715975113164866
1085,2546,110183.06,165314.177682121,33.349296445784226
1086,2547,109548.27,172532.757660882,36.50581204247589
1087,2548,141876.34,203310.218069877,30.21681590974557
1088,2549,163821.92,175090.062515883,6.435625459817765
1089,2550,895460.9,230841.338626282,287.91183603804006
1090,2551,146392.8,155225.19006632,5.690051458494826
1091,2552,133225.08,168322.342441945,20.85122141705589
1092,2553,83618.3,165956.259265265,49.61425543983595
1093,2554,91012.0,193956.817564124,53.07615316491232
1094,2555,131335.6,171070.367893827,23.227151863312745
1095,2556,123174.86,166285.243628001,25.92556219206307
1096,2557,109064.0,182875.801346628,40.36171040843343
1097,2558,145770.8,218108.536769738,33.165936999112766
1098,2559,156793.62,174378.777632042,10.084456876483316
1099,2560,155329.92,164731.316372391,5.707108219871353
1100,2561,147196.33,156969.695083273,6.22627632237432
1101,2562,165498.05,173388.854342604,4.55093119884876
1102,2563,161904.64,177559.628685119,8.816749717291467
1103,2564,189139.88,194297.789279905,2.654643832552578
1104,2565,144193.77,174894.588364005,17.553900910363176
1105,2566,164784.95,196544.144075798,16.158808037826827
1106,2567,123467.79,179036.158528149,31.037512155351717
1107,2568,254288.02,211423.986511149,20.273966933071073
1108,2569,249211.4,208156.398935188,19.723154092224178
1109,2570,125916.125,159233.941347257,20.923815654727523
1110,2571,224142.69,210820.115134931,6.319402850407406
1111,2572,144992.14,140196.10979821,3.420944299876166
1112,2573,227237.75,198678.469082978,14.374623002100053
1113,2574,349828.1,186818.610760803,87.25548398275451
1114,2575,134039.84,175044.797633861,23.425405632237375
1115,2576,113774.84,180031.162892704,36.8026946435889
1116,2577,122205.3,176889.171525162,30.914201349167023
1117,2578,95220.805,159638.856165666,40.35236346927708
1118,2579,80741.79,154287.264375509,47.667884715365616
1119,2580,85030.79,191885.618181273,55.686731570381674
1120,2581,85029.22,177503.378612934,52.09712659305728
1121,2582,77512.92,166548.31684976,53.45919830284271
1122,2583,323492.3,164475.14942856,96.68157385715544
1123,2584,166960.05,167484.744857879,0.31328105931333894
1124,2585,192755.44,188683.160555403,2.158261994663402
1125,2586,225293.86,162243.399502668,38.86164864987013
1126,2587,201865.7,180807.213919103,11.646929759848529
1127,2588,164923.39,176279.079637039,6.4418812688496585
1128,2589,147366.95,163438.959094218,9.833644351560599
1129,2590,194192.8,161495.5393685,20.246539089783465
1130,2591,237921.83,216032.303722443,10.132523713064934
1131,2592,217124.39,176632.181541401,22.92459320280093
1132,2593,281434.47,168743.001567144,66.7828983343142
1133,2594,166052.1,183810.11848086,9.661070281454132
1134,2595,181488.61,156794.36054728,15.749449624033938
1135,2596,298703.78,169136.43011395,76.60522990154065
1136,2597,185346.36,183203.318752456,1.1697608084489355
1137,2598,318422.03,213252.926930889,49.31660532527847
1138,2599,345392.97,190550.327866959,81.26075804558631
1139,2600,142039.77,234707.209860273,39.48214641145461
1140,2601,147736.05,135751.318892816,8.828443126690125
1141,2602,87728.234,164228.45886894,46.58158824652299
1142,2603,100368.555,153219.437030419,34.49358865117511
1143,2604,90465.164,164210.746523801,44.90910858298314
1144,2605,81819.72,163883.229117973,50.07437967243052
1145,2606,150014.86,154892.776269956,3.1492216825234536
1146,2607,251159.16,197092.08733832,27.432389418490825
1147,2608,173443.08,228148.376399122,23.977947657370454
1148,2609,158026.05,178680.587503997,11.559476559553492
1149,2610,116755.7,165643.341167808,29.51379614667485
1150,2611,189847.39,222406.642660249,14.639514200565895
1151,2612,165574.33,184021.843582599,10.024633542658071
1152,2613,138346.1,170871.094939159,19.034817562759795
1153,2614,136317.83,189562.873697309,28.088330026759273
1154,2615,155349.33,170591.884966356,8.93510077830615
1155,2616,142138.73,172934.351682851,17.807692345779813
1156,2617,204450.97,186425.069879189,9.669246138672511
1157,2618,186032.45,218648.131133006,14.91697086043948
1158,2619,207037.56,183035.606761141,13.11327132659014
1159,2620,180761.36,178378.906069427,1.3356138111115685
1160,2621,187743.52,184516.716597846,1.7487841137921365
1161,2622,191031.23,181419.5253183,5.298056556942415
1162,2623,245401.17,196858.923438425,24.65839373126431
1163,2624,321024.2,189228.701486278,69.64878212371985
1164,2625,340971.5,208973.380761028,63.165039852572775
1165,2626,177354.92,180269.86896412,1.6169907405325543
1166,2627,163992.05,159488.713683953,2.8236061894454227
1167,2628,474066.9,191490.299507521,147.56706082199244
1168,2629,551671.9,228684.245137946,141.23737718233397
1169,2630,410343.34,201842.998700429,103.29827954994997
1170,2631,521735.25,209242.82289186,149.3443946078098
1171,2632,449234.62,202357.62258493,122.00034733628829
1172,2633,343952.6,168238.61218265,104.44331374808556
1173,2634,460002.28,202524.12465369,127.13456090062836
1174,2635,173352.36,170588.771929588,1.6200289234467908
1175,2636,175820.55,198375.31512987,11.369745394029549
1176,2637,160276.42,170636.827889889,6.071611939231855
1177,2638,281103.3,181991.079479377,54.459940181768246
1178,2639,172284.05,183994.54251844,6.364588581352278
1179,2640,147399.16,182951.482193584,19.4326525903548
1180,2641,121581.53,174126.297156192,30.176238032018297
1181,2642,194734.39,170575.496742588,14.163167831115679
1182,2643,107392.61,175332.239869971,38.74908034332764
1183,2644,131088.62,167522.061539111,21.74844089451762
1184,2645,116104.95,168095.583738538,30.929206738950455
1185,2646,103809.72,154406.415627461,32.76851980006875
1186,2647,106867.1,170996.973346087,37.50351279831849
1187,2648,142865.62,159056.890245639,10.17954344551441
1188,2649,160787.6,181373.6165193,11.350064670022965
1189,2650,141952.17,152272.560975937,6.77757636358916
1190,2651,150482.69,168664.346821336,10.779788179297661
1191,2652,416122.9,211007.008292301,97.20809731284317
1192,2653,247016.7,182909.515032911,35.048580212218134
1193,2654,276235.06,203926.829353303,35.457930364534356
1194,2655,436052.53,179082.825442944,143.49209935205474
1195,2656,336669.4,206260.099795032,63.22565856632493
1196,2657,384180.72,181732.443415757,111.39908292054022
1197,2658,330687.22,189698.740693148,74.32230574735944
1198,2659,330864.88,203074.34678979,62.92795236342227
1199,2660,388337.0,201670.634365666,92.56001312311713
1200,2661,396251.97,173756.812589691,128.0497454138438
1201,2662,407830.4,181387.076390881,124.83983664367784
1202,2663,298903.06,184859.155270535,61.69232303510512
1203,2664,276825.28,158313.615666777,74.85879536266148
1204,2665,335803.34,151951.955409666,120.99310459326857
1205,2666,293384.22,162537.52704471,80.50245016296904
1206,2667,179121.86,178998.337067854,0.0690075165889206
1207,2668,184130.52,186732.584943041,1.3934736237034957
1208,2669,179290.92,187323.318406165,4.287985393120519
1209,2670,276083.22,199437.232798284,38.43113187858845
1210,2671,181726.4,185546.680858653,2.058929101277346
1211,2672,207047.17,161595.015798593,28.127201728212434
1212,2673,214891.52,154672.422763036,38.93330936842045
1213,2674,204385.88,159355.710116165,28.257641254906726
1214,2675,194283.27,155919.014077746,24.60524251912241
1215,2676,188199.48,182424.87095604,3.1654748547699705
1216,2677,202998.58,178100.589622319,13.97973389952262
1217,2678,242845.48,202577.900044456,19.877580092254494
1218,2679,276276.3,177862.778940605,55.33115705577666
1219,2680,292500.1,182056.024744887,60.66488003342762
1220,2681,410144.62,191403.199177104,114.28305627247963
1221,2682,316453.03,196264.754980043,61.23782962569017
1222,2683,515670.16,209375.003419718,146.2902198579434
1223,2684,316864.3,196691.81930173,61.096843592626755
1224,2685,345391.1,192458.431539585,79.46269798990838
1225,2686,264601.6,182242.80926507,45.19178826152757
1226,2687,325605.16,183259.503900506,77.6743630315486
1227,2688,203408.58,188108.243748841,8.133792581992186
1228,2689,215785.92,171418.640195797,25.88241373780939
1229,2690,430815.53,194698.882220432,121.27272963089955
1230,2691,206941.19,174841.84007522,18.359076643765754
1231,2692,119912.27,172965.476488899,30.672712340259405
1232,2693,213862.61,189386.323677132,12.923998535182225
1233,2694,137896.94,185682.618340257,25.735139490919604
1234,2695,201824.97,176412.012719061,14.40545665754041
1235,2696,187720.64,174976.489722867,7.283350421715263
1236,2697,191843.11,180718.581707643,6.15571877680718
1237,2698,205563.16,186131.188248242,10.439931203706557
1238,2699,175822.97,165220.786354033,6.4169785351637065
1239,2700,150920.67,164115.893800435,8.040185273877496
1240,2701,148595.02,182125.729127024,18.41075045395587
1241,2702,106281.06,182285.140233276,41.69515827566153
1242,2703,111904.07,196325.442210366,43.00072927247354
1243,2704,159691.44,164865.215329881,3.1381864388608114
1244,2705,132839.83,182694.492209823,27.288542463319228
1245,2706,119885.984,185425.485520958,35.345465571694724
1246,2707,112883.75,171414.7041191,34.14581871484744
1247,2708,152212.2,183433.472466085,17.02048645830302
1248,2709,99894.57,176844.981155794,43.51291755093886
1249,2710,130694.17,180568.187753206,27.62059945264112
1250,2711,340823.6,185948.625475832,83.28911702243118
1251,2712,415605.94,189388.291715481,119.44647883743887
1252,2713,177867.11,142754.489165865,24.59650860319916
1253,2714,161702.64,156106.800760811,3.584622730666957
1254,2715,181000.38,155895.397617561,16.10373222436365
1255,2716,160566.4,159851.977738548,0.4469312932871552
1256,2717,190979.73,185157.832305524,3.1442915468298587
1257,2718,221699.95,180716.291710805,22.678454181529993
1258,2719,130042.66,176901.093954071,26.488495156642102
1259,2720,183446.36,181017.222455218,1.3419369090048592
1260,2721,135511.23,183269.159407668,26.058898936964187
1261,2722,148541.36,193550.830097069,23.254599682933932
1262,2723,140670.45,170625.842699726,17.55618556999168
1263,2724,126827.9,182012.405942725,30.3190912835855
1264,2725,132760.67,179162.507290733,25.89930009208633
1265,2726,148006.39,183269.159407668,19.240972620073357
1266,2727,147257.52,180589.836175042,18.45747316462133
1267,2728,176481.88,181465.935198741,2.746554163613394
1268,2729,152321.88,196053.029878304,22.30577864848568
1269,2730,156204.92,183421.020319014,14.838047676694062
1270,2731,149554.36,167926.839083612,10.94076432860396
1271,2732,134943.38,168027.530997889,19.689723345577608
1272,2733,169773.39,182164.26685407,6.802034473092474
1273,2734,149386.6,172469.071592608,13.383546179880586
1274,2735,139364.95,181059.374300472,23.028037811662376
1275,2736,151300.66,182997.570115536,17.320947947846552
1276,2737,129811.12,166140.504179894,21.86666470751598
1277,2738,129211.27,198515.546934075,34.911257363429705
1278,2739,157152.97,193789.648503294,18.90538531663174
1279,2740,147352.23,173550.025727531,15.095239106251038
1280,2741,143408.58,176487.943174734,18.743130241471164
1281,2742,156066.52,188813.302559147,17.343474474680544
1282,2743,162722.38,178531.911979192,8.855300323582826
1283,2744,161433.53,182145.731469001,11.371224596897004
1284,2745,139456.73,179196.465024103,22.17662644391884
1285,2746,142939.48,169618.349900686,15.72876138773126
1286,2747,144043.42,170010.168655046,15.273643327025365
1287,2748,116903.555,181739.671652174,35.67526912272729
1288,2749,132284.55,172846.934955574,23.467230177381822
1289,2750,137259.39,195560.8830172,29.812450983396435
1290,2751,139974.48,180358.114292956,22.39080291799946
1291,2752,171388.58,211817.702818093,19.086754390785337
1292,2753,148521.33,176170.128686742,15.694374958938639
1293,2754,212418.61,234492.248263699,9.413376796948965
1294,2755,131427.67,182450.956536015,27.965479397715974
1295,2756,106484.67,174902.068073146,39.117545579582895
1296,2757,117530.9,173684.174293738,32.330680722395876
1297,2758,107562.48,147196.673677562,26.926014104015493
1298,2759,170900.95,175231.189709791,2.4711563004066393
1299,2760,128078.2,193417.64740633,33.78153191164895
1300,2761,145053.67,183313.601249761,20.871298754658493
1301,2762,145502.17,180882.250849082,19.559729496953874
1302,2763,198162.6,186735.697979808,6.119288327734534
1303,2764,129996.375,172922.865411247,24.82406841290698
1304,2765,283327.1,202551.677190573,39.87891765686469
1305,2766,148135.16,190485.634074173,22.232898575271133
1306,2767,96997.1,173439.49362151,44.07438609445386
1307,2768,138471.08,196613.598849219,29.57197318218458
1308,2769,132413.67,178152.259700828,25.673874641072217
1309,2770,126453.52,174519.904825949,27.5420625723961
1310,2771,117563.164,172627.796932837,31.897894689440182
1311,2772,116656.77,173732.689486435,32.85272116471291
1312,2773,176152.3,209219.844787023,15.805167978058858
1313,2774,135006.61,181059.374300472,25.435172911316055
1314,2775,97435.94,188515.443002459,48.31408188732367
1315,2776,139919.86,182164.26685407,23.190282160502747
1316,2777,124751.41,188137.901597981,33.69150756418409
1317,2778,110353.58,158893.54306269,30.548733448872117
1318,2779,113741.484,189579.65066771,40.00332631988918
1319,2780,95123.73,165229.803505847,42.42943794390347
1320,2781,110834.34,162186.071220207,31.662230352990395
1321,2782,107918.84,166374.879866351,35.13513347886938
1322,2783,112861.375,161665.184974757,30.188200373739964
1323,2784,105425.625,175079.328798445,39.784082036681674
1324,2785,153566.7,203840.874021305,24.66343962548476
1325,2786,84010.91,152129.078861057,44.776562851123884
1326,2787,117465.61,181012.141380101,35.10622631200295
1327,2788,84067.78,161305.53503837,47.882891166752174
1328,2789,166012.12,203326.392972343,18.351905734844063
1329,2790,105162.28,168385.571141831,37.54673839516694
1330,2791,128420.09,183564.365159986,30.040836826867164
1331,2792,69830.29,163784.619440861,57.36456249622745
1332,2793,154689.84,171989.192193993,10.058392753237896
1333,2794,86770.39,180839.95616829,52.018131134553414
1334,2795,135713.36,170895.923185907,20.587128794543624
1335,2796,123900.14,174071.054808518,28.822088910018447
1336,2797,198073.39,259423.859147546,23.64873790874155
1337,2798,132720.28,188000.824679588,29.404415392221427
1338,2799,101095.34,179171.703565498,43.57627809625441
1339,2800,72985.3,171022.241447762,57.32409056438836
1340,2801,105103.79,174126.297156192,39.63933605719447
1341,2802,132828.61,187625.573271948,29.20548779218079
1342,2803,151600.39,199567.946369234,24.035701432476547
1343,2804,118163.66,205328.078219268,42.451291964163765
1344,2805,104760.69,166231.535025379,36.979053051512814
1345,2806,89142.57,154743.91606057,42.39348946190056
1346,2807,197744.72,159714.537012622,23.811346448928777
1347,2808,165976.17,185563.069082422,10.555385456963986
1348,2809,142020.75,171500.796725006,17.18945176230053
1349,2810,126296.45,180983.443844799,30.216570951481852
1350,2811,174131.23,183141.236914997,4.919701696772357
1351,2812,152213.48,178498.634450214,14.725686925378323
1352,2813,155032.77,224323.710512388,30.88881898802289
1353,2814,162711.48,218200.642127877,25.430336598348536
1354,2815,92066.59,182283.177756557,49.49254512505984
1355,2816,231978.19,190054.639237419,22.058681877378163
1356,2817,160556.39,160192.453934518,0.2271871624057632
1357,2818,138347.14,171289.393581756,19.23192806508055
1358,2819,149251.78,151131.098733642,1.2435015025955438
1359,2820,145908.75,181721.458225594,19.707473501084895
1360,2821,107356.95,172725.053851858,37.84517605820092
1361,2822,169242.23,222438.699143414,23.91511233129285
1362,2823,356842.4,235419.373448928,51.57733240990618
1363,2824,222044.48,185150.926027596,19.92620784510965
1364,2825,154214.64,184772.239624699,16.537981604685967
1365,2826,145187.08,180658.216435809,19.634389739152837
1366,2827,140665.77,209673.316647174,32.911937544392394
1367,2828,242326.08,205939.810625621,17.668399028260627
1368,2829,219299.5,165633.573325837,32.40039177841713
1369,2830,231397.83,186030.317211014,24.387159896376296
1370,2831,165741.1,160312.319589212,3.3863736578067134
1371,2832,281328.97,190702.440251029,47.52247972269038
1372,2833,332282.84,175122.810326699,89.74275431630656
1373,2834,244406.8,183783.13937519,32.98651753687149
1374,2835,232007.2,178290.666302221,30.1286309243603
1375,2836,198224.98,181605.343963015,9.151515065200767
1376,2837,136836.83,187992.451444752,27.211530530408464
1377,2838,154262.95,188885.11781517,18.329747250944816
1378,2839,178922.45,189959.344795118,5.810133574645625
1379,2840,222053.39,179258.619211334,23.87320152411405
1380,2841,201715.19,181518.750275669,11.126364187533824
1381,2842,240378.61,193008.659237315,24.54291446035122
1382,2843,145203.4,186313.89385619,22.065175470983355
1383,2844,159000.8,181499.39185067,12.395961631750756
1384,2845,125987.805,174126.297156192,27.645733731712895
1385,2846,207867.33,183918.612062767,13.021366241095748
1386,2847,226169.53,184114.270899227,22.841934058328103
1387,2848,195369.4,158540.947801398,23.229619198906576
1388,2849,210037.61,197034.759055859,6.599267246777871
1389,2850,282357.53,185170.284452595,52.48533644840066
1390,2851,207390.27,221134.533635148,6.215342210106718
1391,2852,251771.48,184306.637575967,36.60467560275767
1392,2853,245366.5,199792.302740996,22.810787319511928
1393,2854,142754.36,143237.803559736,0.33751158752890503
1394,2855,208998.33,177294.838897736,17.88178912841938
1395,2856,196458.27,182368.620883855,7.725915057568074
1396,2857,191580.19,176487.943174734,8.55143079679031
1397,2858,199894.39,183849.408762071,8.727241480386619
1398,2859,136810.02,184964.141507413,26.034303454695884
1399,2860,128145.484,196395.969632434,34.75146938359712
1400,2861,124522.05,188374.936650438,33.896701392886456
1401,2862,180419.55,176261.296806135,2.359139609325883
1402,2863,113897.305,163628.142248426,30.392594377453058
1403,2864,273668.5,180618.032628904,51.51781691824567
1404,2865,148465.17,161647.329794081,8.154887517086394
1405,2866,137905.28,167129.598867773,17.48602151608958
1406,2867,124739.43,174750.988352687,28.61875582886683
1407,2868,97076.7,177560.202116333,45.32744276704654
1408,2869,120736.18,192577.796112839,37.30524384194538
1409,2870,136177.55,199202.898960871,31.638772535258607
1410,2871,79893.06,182818.156667308,56.29916417689891
1411,2872,71652.0,148217.262540651,51.657452868994746
1412,2873,103782.78,188997.797082492,45.08783549222965
1413,2874,129895.53,185807.928877601,30.09150253455152
1414,2875,123335.64,177030.477842021,30.330843520027873
1415,2876,152342.77,175942.474593632,13.413309675869575
1416,2877,155599.73,172912.518576433,10.012452738510191
1417,2878,175491.14,198359.248864591,11.528632201668504
1418,2879,120508.89,184379.133036383,34.64071088715861
1419,2880,103907.305,194255.566948886,46.50999900824418
1420,2881,158955.02,209449.651603064,24.10824539052388
1421,2882,209128.33,169979.323958443,23.031627173742756
1422,2883,189859.98,188206.281858748,0.878664888291631
1423,2884,182340.6,186412.438609167,2.1843203648572223
1424,2885,192698.83,196761.386409959,2.064713183355255
1425,2886,276111.6,208353.269558209,32.52088356254996
1426,2887,93600.234,166548.067241044,43.799867554432225
1427,2888,128624.77,175942.474593632,26.893847699607498
1428,2889,65941.664,166790.457916434,60.46436655534675
1429,2890,91721.92,160515.850579067,42.85802832299134
1430,2891,129652.44,192167.621096362,32.53159051441549
1431,2892,54196.875,178751.551083369,69.68033302562908
1432,2893,68759.35,198678.894117024,65.39171819529054
1433,2894,49865.125,164553.120272354,69.69663965200564
1434,2895,379592.2,156887.932862327,141.95116894879445
1435,2896,308999.25,164185.777305524,88.20098492758042
1436,2897,202750.25,212992.120630876,4.808567847740042
1437,2898,152467.42,197468.550532521,22.789010470864724
1438,2899,194899.17,180106.84373966,8.213084982335237
1439,2900,164313.81,183972.071056674,10.685458093591894
1440,2901,227709.83,245283.198337927,7.164522613862911
1441,2902,204750.3,170351.963410756,20.192507779497713
1442,2903,330036.12,195596.307707478,68.73331039233219
1443,2904,379870.78,189369.756330412,100.59738609326939
1444,2905,115170.33,223667.404551664,48.50821989200608
1445,2906,205787.34,169335.310624364,21.52653985233914
1446,2907,120125.94,167411.02835165,28.24490794735863
1447,2908,142526.48,187709.555003968,24.07073557231164
1448,2909,153645.69,196526.002998991,21.81915616490259
1449,2910,88956.586,137402.569855589,35.258426366410795
1450,2911,79079.94,165086.775061735,52.09795728917251
1451,2912,140913.42,188506.431412274,25.247419507499693
1452,2913,92476.99,172917.456816012,46.51957420013552
1453,2914,79130.875,166274.325225982,52.40944451739382
1454,2915,94993.22,167081.220948984,43.14548444734857
1455,2916,90508.84,164788.778231138,45.075845138526724
1456,2917,182226.8,219222.423400059,16.87584050539651
1457,2918,118408.445,184924.279658997,35.96922722595061
1458,2919,214072.86,187741.866657478,14.025104355418527
